"genus_species","Family","mating_system","Haploid.Chrom.."
"Abrotanella_emarginata","Asteraceae","sc","9"
"Achillea_atrata","Asteraceae","sc","9"
"Achillea_clusiana","Asteraceae","sc","9"
"Achyrocline_satureioides","Asteraceae","sc","14"
"Adenocaulon_bicolor","Asteraceae","sc","23"
"Adenocaulon_chilense","Asteraceae","sc","23"
"Ageratina_adenophora","Asteraceae","sc","51"
"Ageratum_conyzoides","Asteraceae","sc","20"
"Ainsliaea_apiculata","Asteraceae","sc","13"
"Ainsliaea_fragrans","Asteraceae","sc","13"
"Anisocarpus_scabridus","Asteraceae","sc","7"
"Anthemis_arvensis","Asteraceae","sc","9"
"Anthemis_maritima","Asteraceae","sc","18"
"Aphanostephus_skirrhobasis","Asteraceae","sc","3"
"Arctium_minus","Asteraceae","sc","18"
"Argyranthemum_filifolium","Asteraceae","sc","9"
"Arnica_montana","Asteraceae","sc","19"
"Artemisia_biennis","Asteraceae","sc","9"
"Asteriscus_aquaticus","Asteraceae","sc","7"
"Asteriscus_intermedius","Asteraceae","sc","7"
"Asteriscus_sericeus","Asteraceae","sc","7"
"Astranthium_beamanii","Asteraceae","sc","12"
"Astranthium_integrifolium","Asteraceae","sc","4"
"Astranthium_laetificum","Asteraceae","sc","10"
"Astranthium_robustum","Asteraceae","sc","3"
"Astranthium_splendens","Asteraceae","sc","9"
"Balsamorhiza_sagittata","Asteraceae","sc","19"
"Bidens_bipinnata","Asteraceae","sc","36"
"Bidens_biternata","Asteraceae","sc","36"
"Bidens_cernua","Asteraceae","sc","12"
"Bidens_cosmoides","Asteraceae","sc","36"
"Bidens_discoidea","Asteraceae","sc","12"
"Bidens_frondosa","Asteraceae","sc","24"
"Bidens_hillebrandiana","Asteraceae","sc","69"
"Bidens_molokaiensis","Asteraceae","sc","36"
"Bidens_pilosa","Asteraceae","sc","36"
"Bidens_radiata","Asteraceae","sc","24"
"Bidens_sandvicensis","Asteraceae","sc","36"
"Bidens_subalternans","Asteraceae","sc","24"
"Bidens_tripartita","Asteraceae","sc","24"
"Bidens_wiebkei","Asteraceae","sc","36"
"Blennospora_drummondii","Asteraceae","sc","11"
"Brachyscome_muelleri","Asteraceae","sc","3"
"Calendula_arvensis","Asteraceae","sc","22"
"Calendula_palaestina","Asteraceae","sc","36"
"Calendula_tripterocarpa","Asteraceae","sc","15"
"Callistephus_chinensis","Asteraceae","sc","9"
"Calycadenia_hooveri","Asteraceae","sc","7"
"Carduus_acanthoides","Asteraceae","sc","11"
"Carduus_nutans","Asteraceae","sc","8"
"Carduus_pycnocephalus","Asteraceae","sc","31"
"Carduus_tenuiflorus","Asteraceae","sc","27"
"Carthamus_curdicus","Asteraceae","sc","12"
"Carthamus_dentatus","Asteraceae","sc","10"
"Carthamus_gypsicola","Asteraceae","sc","12"
"Carthamus_lanatus","Asteraceae","sc","22"
"Carthamus_leucocaulos","Asteraceae","sc","10"
"Carthamus_nitidus","Asteraceae","sc","10"
"Carthamus_tenuis","Asteraceae","sc","10"
"Carthamus_turkestanicus","Asteraceae","sc","32"
"Catananche_lutea","Asteraceae","sc","9"
"Centaurea_amaena","Asteraceae","sc","9"
"Centaurea_melitensis","Asteraceae","sc","12"
"Centaurea_sulphurea","Asteraceae","sc","12"
"Centaurea_tchihatcheffii","Asteraceae","sc","10"
"Chaenactis_douglasii","Asteraceae","sc","6"
"Chaetanthera_moenchioides","Asteraceae","sc","13"
"Cirsium_acaule","Asteraceae","sc","17"
"Cirsium_brevistylum","Asteraceae","sc","17"
"Cirsium_erisithales","Asteraceae","sc","17"
"Cirsium_oleraceum","Asteraceae","sc","17"
"Cirsium_palustre","Asteraceae","sc","17"
"Cirsium_purpuratum","Asteraceae","sc","17"
"Cirsium_quercetorum","Asteraceae","sc","16"
"Conyza_ramosissima","Asteraceae","sc","9"
"Cotula_australis","Asteraceae","sc","18"
"Cotula_coronopifolia","Asteraceae","sc","10"
"Crepis_tectorum","Asteraceae","sc","4"
"Cynara_cardunculus","Asteraceae","sc","17"
"Damnamenia_vernicosa","Asteraceae","sc","54"
"Deinandra_arida","Asteraceae","sc","12"
"Deinandra_mohavensis","Asteraceae","sc","11"
"Dendroseris_litoralis","Asteraceae","sc","18"
"Dyssodia_papposa","Asteraceae","sc","13"
"Emilia_fosbergii","Asteraceae","sc","10"
"Encelia_canescens","Asteraceae","sc","17"
"Erigeron_canadensis","Asteraceae","sc","9"
"Erigeron_strigosus","Asteraceae","sc","14"
"Erigeron_sumatrensis","Asteraceae","sc","27"
"Eriophyllum_congdonii","Asteraceae","sc","7"
"Eriophyllum_nubigenum","Asteraceae","sc","7"
"Eupatorium_perfoliatum","Asteraceae","sc","10"
"Eurybia_sibirica","Asteraceae","sc","9"
"Flaveria_bidentis","Asteraceae","sc","18"
"Flaveria_campestris","Asteraceae","sc","18"
"Flaveria_trinervia","Asteraceae","sc","18"
"Galinsoga_parviflora","Asteraceae","sc","8"
"Galinsoga_quadriradiata","Asteraceae","sc","16"
"Glebionis_segetum","Asteraceae","sc","9"
"Grindelia_ciliata","Asteraceae","sc","6"
"Gymnarrhena_micrantha","Asteraceae","sc","9"
"Haplopappus_paucidentatus","Asteraceae","sc","5"
"Helianthus_agrestis","Asteraceae","sc","17"
"Helianthus_exilis","Asteraceae","sc","17"
"Hemizonella_minima","Asteraceae","sc","16"
"Hieracium_antarcticum","Asteraceae","sc","9"
"Hypochaeris_angustifolia","Asteraceae","sc","4"
"Hypochaeris_glabra","Asteraceae","sc","5"
"Hypochaeris_salzmanniana","Asteraceae","sc","4"
"Lactuca_saligna","Asteraceae","sc","9"
"Lactuca_serriola","Asteraceae","sc","9"
"Lactuca_tenerrima","Asteraceae","sc","8"
"Lactuca_viminea","Asteraceae","sc","9"
"Lactuca_virosa","Asteraceae","sc","9"
"Lagophylla_ramosissima","Asteraceae","sc","7"
"Lapsana_communis","Asteraceae","sc","7"
"Lasthenia_burkei","Asteraceae","sc","6"
"Lasthenia_glaberrima","Asteraceae","sc","5"
"Lasthenia_kunthii","Asteraceae","sc","5"
"Lasthenia_microglossa","Asteraceae","sc","23"
"Layia_carnosa","Asteraceae","sc","8"
"Layia_heterotricha","Asteraceae","sc","8"
"Layia_hieracioides","Asteraceae","sc","16"
"Leontodon_hispidus","Asteraceae","sc","7"
"Leptinella_minor","Asteraceae","sc","26"
"Liatris_scariosa","Asteraceae","sc","10"
"Logfia_gallica","Asteraceae","sc","14"
"Madia_sativa","Asteraceae","sc","16"
"Malacothrix_incana","Asteraceae","sc","7"
"Matricaria_discoidea","Asteraceae","sc","9"
"Microseris_acuminata","Asteraceae","sc","18"
"Microseris_bigelovii","Asteraceae","sc","9"
"Microseris_campestris","Asteraceae","sc","18"
"Microseris_douglasii","Asteraceae","sc","9"
"Microseris_elegans","Asteraceae","sc","9"
"Mutisia_campanulata","Asteraceae","sc","26"
"Mutisia_speciosa","Asteraceae","sc","9"
"Onopordum_illyricum","Asteraceae","sc","17"
"Packera_indecora","Asteraceae","sc","86"
"Packera_pauciflora","Asteraceae","sc","87"
"Pappobolus_hypargyreus","Asteraceae","sc","17"
"Pappobolus_imbaburensis","Asteraceae","sc","17"
"Pectis_cylindrica","Asteraceae","sc","24"
"Pectis_ericifolia","Asteraceae","sc","48"
"Pectis_pringlei","Asteraceae","sc","12"
"Pectis_prostrata","Asteraceae","sc","12"
"Pilosella_lactucella","Asteraceae","sc","9"
"Pulicaria_vulgaris","Asteraceae","sc","9"
"Pyrrhopappus_carolinianus","Asteraceae","sc","6"
"Pyrrhopappus_pauciflorus","Asteraceae","sc","6"
"Saussurea_obvallata","Asteraceae","sc","16"
"Scalesia_aspera","Asteraceae","sc","34"
"Senecio_glaucophyllus","Asteraceae","sc","50"
"Senecio_hispidulus","Asteraceae","sc","30"
"Senecio_squarrosus","Asteraceae","sc","30"
"Senecio_sterquilinus","Asteraceae","sc","20"
"Senecio_sylvaticus","Asteraceae","sc","20"
"Senecio_teneriffae","Asteraceae","sc","30"
"Senecio_vulgaris","Asteraceae","sc","20"
"Silphium_integrifolium","Asteraceae","sc","7"
"Silphium_perfoliatum","Asteraceae","sc","7"
"Silybum_eburneum","Asteraceae","sc","17"
"Simsia_chaseae","Asteraceae","sc","17"
"Simsia_dombeyana","Asteraceae","sc","17"
"Simsia_eurylepis","Asteraceae","sc","17"
"Sonchus_asper","Asteraceae","sc","9"
"Sonchus_microcephalus","Asteraceae","sc","15"
"Sonchus_oleraceus","Asteraceae","sc","16"
"Stephanomeria_malheurensis","Asteraceae","sc","8"
"Stephanomeria_paniculata","Asteraceae","sc","8"
"Symphyotrichum_ciliatum","Asteraceae","sc","7"
"Symphyotrichum_frondosum","Asteraceae","sc","7"
"Symphyotrichum_laurentianum","Asteraceae","sc","7"
"Taraxacum_bessarabicum","Asteraceae","sc","8"
"Tetramolopium_consanguineum","Asteraceae","sc","9"
"Tetramolopium_filiforme","Asteraceae","sc","9"
"Tetramolopium_humile","Asteraceae","sc","9"
"Tetramolopium_lepidotum","Asteraceae","sc","9"
"Tetramolopium_remyi","Asteraceae","sc","9"
"Tetramolopium_rockii","Asteraceae","sc","9"
"Tetramolopium_sylvae","Asteraceae","sc","9"
"Tolpis_barbata","Asteraceae","sc","9"
"Tolpis_coronopifolia","Asteraceae","sc","9"
"Tolpis_glabrescens","Asteraceae","sc","9"
"Tolpis_macrorhiza","Asteraceae","sc","9"
"Townsendia_hookeri","Asteraceae","sc","9"
"Tragopogon_dubius","Asteraceae","sc","6"
"Tragopogon_mirus","Asteraceae","sc","12"
"Tragopogon_miscellus","Asteraceae","sc","12"
"Tragopogon_porrifolius","Asteraceae","sc","6"
"Tragopogon_pratensis","Asteraceae","sc","6"
"Tridax_procumbens","Asteraceae","sc","18"
"Ursinia_anthemoides","Asteraceae","sc","8"
"Ursinia_nana","Asteraceae","sc","8"
"Verbesina_glabrata","Asteraceae","sc","17"
"Vernonia_galamensis","Asteraceae","sc","17"
"Xanthium_strumarium","Asteraceae","sc","18"
"Achillea_collina","Asteraceae","si","18"
"Achillea_millefolium","Asteraceae","si","27"
"Achillea_ptarmica","Asteraceae","si","9"
"Achillea_styriaca","Asteraceae","si","18"
"Adenothamnus_validus","Asteraceae","si","14"
"Ageratina_ligustrina","Asteraceae","si","17"
"Ageratum_houstonianum","Asteraceae","si","10"
"Ambrosia_artemisiifolia","Asteraceae","si","18"
"Ambrosia_deltoidea","Asteraceae","si","18"
"Anacyclus_clavatus","Asteraceae","si","9"
"Anacyclus_valentinus","Asteraceae","si","9"
"Arctotis_fastuosa","Asteraceae","si","9"
"Argyranthemum_frutescens","Asteraceae","si","9"
"Argyroxiphium_kauense","Asteraceae","si","14"
"Argyroxiphium_sandwicense","Asteraceae","si","14"
"Arnica_fulgens","Asteraceae","si","19"
"Arnica_sororia","Asteraceae","si","19"
"Arnica_unalaschcensis","Asteraceae","si","19"
"Artemisia_granatensis","Asteraceae","si","9"
"Aster_amellus","Asteraceae","si","9"
"Aster_tataricus","Asteraceae","si","27"
"Asteriscus_daltonii","Asteraceae","si","7"
"Asteriscus_schultzii","Asteraceae","si","7"
"Asteriscus_smithii","Asteraceae","si","7"
"Balduina_angustifolia","Asteraceae","si","18"
"Balduina_atropurpurea","Asteraceae","si","18"
"Balduina_uniflora","Asteraceae","si","36"
"Balsamorhiza_deltoidea","Asteraceae","si","19"
"Bartlettina_sordida","Asteraceae","si","16"
"Berlandiera_lyrata","Asteraceae","si","15"
"Berlandiera_pumila","Asteraceae","si","15"
"Berlandiera_subacaulis","Asteraceae","si","15"
"Bidens_laevis","Asteraceae","si","12"
"Bidens_mitis","Asteraceae","si","12"
"Bidens_polylepis","Asteraceae","si","12"
"Bidens_trichosperma","Asteraceae","si","12"
"Blennosperma_nanum","Asteraceae","si","7"
"Blepharipappus_scaber","Asteraceae","si","8"
"Blepharizonia_laxa","Asteraceae","si","14"
"Blepharizonia_plumosa","Asteraceae","si","14"
"Borrichia_frutescens","Asteraceae","si","14"
"Calotis_cuneifolia","Asteraceae","si","8"
"Calycadenia_fremontii","Asteraceae","si","6"
"Calycadenia_multiglandulosa","Asteraceae","si","6"
"Calycadenia_oppositifolia","Asteraceae","si","7"
"Calycadenia_pauciflora","Asteraceae","si","6"
"Calycadenia_spicata","Asteraceae","si","4"
"Carlquistia_muirii","Asteraceae","si","8"
"Carphephorus_bellidifolius","Asteraceae","si","10"
"Carramboa_badilloi","Asteraceae","si","19"
"Carthamus_divaricatus","Asteraceae","si","11"
"Carthamus_persicus","Asteraceae","si","12"
"Centaurea_borjae","Asteraceae","si","33"
"Centaurea_jacea","Asteraceae","si","22"
"Centaurea_montana","Asteraceae","si","22"
"Centaurea_nigra","Asteraceae","si","22"
"Centaurea_scabiosa","Asteraceae","si","10"
"Centaurea_stoebe","Asteraceae","si","9"
"Cheirolophus_metlesicsii","Asteraceae","si","15"
"Chiliotrichum_diffusum","Asteraceae","si","27"
"Chondrilla_ambigua","Asteraceae","si","5"
"Chrysanthemum_indicum","Asteraceae","si","18"
"Chrysanthemum_ornatum","Asteraceae","si","36"
"Chuquiraga_avellanedae","Asteraceae","si","27"
"Chuquiraga_oppositifolia","Asteraceae","si","54"
"Cichorium_intybus","Asteraceae","si","9"
"Cirsium_arvense","Asteraceae","si","17"
"Cirsium_dissectum","Asteraceae","si","17"
"Cirsium_pitcheri","Asteraceae","si","17"
"Cirsium_spinosissimum","Asteraceae","si","17"
"Coespeletia_moritziana","Asteraceae","si","19"
"Coespeletia_timotensis","Asteraceae","si","19"
"Coreopsis_auriculata","Asteraceae","si","12"
"Coreopsis_basalis","Asteraceae","si","13"
"Coreopsis_delphiniifolia","Asteraceae","si","39"
"Coreopsis_gladiata","Asteraceae","si","13"
"Coreopsis_grandiflora","Asteraceae","si","13"
"Coreopsis_integrifolia","Asteraceae","si","13"
"Coreopsis_intermedia","Asteraceae","si","13"
"Coreopsis_lanceolata","Asteraceae","si","13"
"Coreopsis_latifolia","Asteraceae","si","13"
"Coreopsis_leavenworthii","Asteraceae","si","12"
"Coreopsis_major","Asteraceae","si","13"
"Coreopsis_nuecensis","Asteraceae","si","9"
"Coreopsis_paludosa","Asteraceae","si","12"
"Coreopsis_pubescens","Asteraceae","si","13"
"Coreopsis_pulchra","Asteraceae","si","13"
"Coreopsis_rosea","Asteraceae","si","13"
"Coreopsis_tinctoria","Asteraceae","si","12"
"Coreopsis_tripteris","Asteraceae","si","13"
"Coreopsis_verticillata","Asteraceae","si","13"
"Cosmos_bipinnatus","Asteraceae","si","12"
"Crepis_capillaris","Asteraceae","si","3"
"Crepis_foetida","Asteraceae","si","5"
"Crepis_paludosa","Asteraceae","si","6"
"Crepis_triasii","Asteraceae","si","4"
"Deinandra_clementina","Asteraceae","si","12"
"Deinandra_fasciculata","Asteraceae","si","12"
"Deinandra_minthornii","Asteraceae","si","23"
"Delairea_odorata","Asteraceae","si","10"
"Dimorphotheca_sinuata","Asteraceae","si","9"
"Dubautia_menziesii","Asteraceae","si","13"
"Dubautia_plantaginea","Asteraceae","si","14"
"Echinacea_angustifolia","Asteraceae","si","11"
"Echinacea_atrorubens","Asteraceae","si","11"
"Echinacea_laevigata","Asteraceae","si","11"
"Echinacea_pallida","Asteraceae","si","22"
"Echinacea_purpurea","Asteraceae","si","11"
"Echinacea_sanguinea","Asteraceae","si","11"
"Echinacea_simulata","Asteraceae","si","11"
"Echinacea_tennesseensis","Asteraceae","si","11"
"Emilia_discifolia","Asteraceae","si","5"
"Encelia_actoni","Asteraceae","si","18"
"Encelia_californica","Asteraceae","si","18"
"Encelia_densifolia","Asteraceae","si","18"
"Encelia_farinosa","Asteraceae","si","18"
"Encelia_frutescens","Asteraceae","si","18"
"Encelia_halimifolia","Asteraceae","si","18"
"Encelia_palmeri","Asteraceae","si","17"
"Encelia_resinifera","Asteraceae","si","18"
"Encelia_virginensis","Asteraceae","si","18"
"Enceliopsis_covillei","Asteraceae","si","18"
"Enceliopsis_nudicaulis","Asteraceae","si","17"
"Erigeron_glabellus","Asteraceae","si","9"
"Espeletia_grandiflora","Asteraceae","si","19"
"Espeletia_semiglobulata","Asteraceae","si","19"
"Eupatorium_cannabinum","Asteraceae","si","10"
"Eupatorium_resinosum","Asteraceae","si","10"
"Eurybia_furcata","Asteraceae","si","9"
"Euthamia_graminifolia","Asteraceae","si","9"
"Flaveria_angustifolia","Asteraceae","si","18"
"Flaveria_anomala","Asteraceae","si","18"
"Flaveria_brownii","Asteraceae","si","18"
"Flaveria_chlorifolia","Asteraceae","si","18"
"Flaveria_cronquistii","Asteraceae","si","18"
"Flaveria_floridana","Asteraceae","si","18"
"Flaveria_linearis","Asteraceae","si","18"
"Flaveria_mcdougallii","Asteraceae","si","18"
"Flaveria_oppositifolia","Asteraceae","si","18"
"Flaveria_palmeri","Asteraceae","si","18"
"Flaveria_pringlei","Asteraceae","si","18"
"Flaveria_pubescens","Asteraceae","si","18"
"Flaveria_ramosissima","Asteraceae","si","18"
"Flaveria_robusta","Asteraceae","si","18"
"Flaveria_sonorensis","Asteraceae","si","18"
"Gaillardia_pulchella","Asteraceae","si","17"
"Geraea_canescens","Asteraceae","si","18"
"Geraea_viscida","Asteraceae","si","18"
"Gerbera_jamesonii","Asteraceae","si","25"
"Glebionis_coronaria","Asteraceae","si","9"
"Grindelia_covasii","Asteraceae","si","6"
"Grindelia_hirsutula","Asteraceae","si","12"
"Helenium_virginicum","Asteraceae","si","13"
"Helianthus_angustifolius","Asteraceae","si","17"
"Helianthus_anomalus","Asteraceae","si","17"
"Helianthus_argophyllus","Asteraceae","si","17"
"Helianthus_arizonensis","Asteraceae","si","17"
"Helianthus_atrorubens","Asteraceae","si","17"
"Helianthus_bolanderi","Asteraceae","si","17"
"Helianthus_californicus","Asteraceae","si","17"
"Helianthus_carnosus","Asteraceae","si","17"
"Helianthus_ciliaris","Asteraceae","si","34"
"Helianthus_cusickii","Asteraceae","si","17"
"Helianthus_decapetalus","Asteraceae","si","34"
"Helianthus_deserticola","Asteraceae","si","17"
"Helianthus_divaricatus","Asteraceae","si","17"
"Helianthus_eggertii","Asteraceae","si","51"
"Helianthus_floridanus","Asteraceae","si","17"
"Helianthus_giganteus","Asteraceae","si","17"
"Helianthus_glaucophyllus","Asteraceae","si","17"
"Helianthus_grosseserratus","Asteraceae","si","17"
"Helianthus_heterophyllus","Asteraceae","si","17"
"Helianthus_hirsutus","Asteraceae","si","34"
"Helianthus_laciniatus","Asteraceae","si","17"
"Helianthus_laevigatus","Asteraceae","si","34"
"Helianthus_longifolius","Asteraceae","si","17"
"Helianthus_maximiliani","Asteraceae","si","17"
"Helianthus_microcephalus","Asteraceae","si","17"
"Helianthus_mollis","Asteraceae","si","17"
"Helianthus_neglectus","Asteraceae","si","17"
"Helianthus_nuttallii","Asteraceae","si","17"
"Helianthus_occidentalis","Asteraceae","si","17"
"Helianthus_paradoxus","Asteraceae","si","17"
"Helianthus_petiolaris","Asteraceae","si","17"
"Helianthus_pumilus","Asteraceae","si","17"
"Helianthus_radula","Asteraceae","si","17"
"Helianthus_resinosus","Asteraceae","si","51"
"Helianthus_salicifolius","Asteraceae","si","17"
"Helianthus_schweinitzii","Asteraceae","si","34"
"Helianthus_silphioides","Asteraceae","si","17"
"Helianthus_simulans","Asteraceae","si","17"
"Helianthus_smithii","Asteraceae","si","34"
"Xerochrysum_bracteatum","Asteraceae","si","13"
"Heliomeris_longifolia","Asteraceae","si","8"
"Heliomeris_multiflora","Asteraceae","si","8"
"Heliopsis_annua","Asteraceae","si","14"
"Heliopsis_parvifolia","Asteraceae","si","14"
"Helminthotheca_echioides","Asteraceae","si","5"
"Heterotheca_subaxillaris","Asteraceae","si","9"
"Hieracium_umbellatum","Asteraceae","si","9"
"Holocarpha_heermannii","Asteraceae","si","6"
"Holocarpha_virgata","Asteraceae","si","4"
"Holozonia_filipes","Asteraceae","si","14"
"Hulsea_algida","Asteraceae","si","19"
"Hulsea_californica","Asteraceae","si","19"
"Hypochaeris_incana","Asteraceae","si","4"
"Hypochaeris_maculata","Asteraceae","si","5"
"Hypochaeris_uniflora","Asteraceae","si","5"
"Ionactis_linariifolia","Asteraceae","si","9"
"Ixeris_chinensis","Asteraceae","si","8"
"Kyhosia_bolanderi","Asteraceae","si","6"
"Lactuca_perennis","Asteraceae","si","9"
"Lagophylla_minor","Asteraceae","si","7"
"Lasthenia_conjugens","Asteraceae","si","6"
"Lasthenia_minor","Asteraceae","si","4"
"Layia_chrysanthemoides","Asteraceae","si","7"
"Layia_discoidea","Asteraceae","si","8"
"Layia_glandulosa","Asteraceae","si","8"
"Layia_munzii","Asteraceae","si","7"
"Layia_pentachaeta","Asteraceae","si","8"
"Layia_platyglossa","Asteraceae","si","8"
"Layia_septentrionalis","Asteraceae","si","8"
"Leontodon_longirostris","Asteraceae","si","4"
"Leontodon_saxatilis","Asteraceae","si","4"
"Leucanthemum_vulgare","Asteraceae","si","9"
"Liatris_aspera","Asteraceae","si","10"
"Liatris_cylindracea","Asteraceae","si","10"
"Liatris_helleri","Asteraceae","si","10"
"Liatris_ligulistylis","Asteraceae","si","10"
"Liatris_ohlingerae","Asteraceae","si","10"
"Liatris_spicata","Asteraceae","si","10"
"Madia_elegans","Asteraceae","si","8"
"Microseris_borealis","Asteraceae","si","9"
"Microseris_howellii","Asteraceae","si","9"
"Microseris_laciniata","Asteraceae","si","9"
"Microseris_lanceolata","Asteraceae","si","18"
"Microseris_sylvatica","Asteraceae","si","9"
"Mikania_micrantha","Asteraceae","si","19"
"Nassauvia_lagascae","Asteraceae","si","11"
"Nassauvia_pygmaea","Asteraceae","si","22"
"Nassauvia_revoluta","Asteraceae","si","11"
"Osmadenia_tenella","Asteraceae","si","9"
"Packera_aurea","Asteraceae","si","22"
"Packera_obovata","Asteraceae","si","22"
"Packera_paupercula","Asteraceae","si","23"
"Packera_schweinitziana","Asteraceae","si","22"
"Parthenium_integrifolium","Asteraceae","si","36"
"Pentachaeta_lyonii","Asteraceae","si","9"
"Perezia_pilifera","Asteraceae","si","8"
"Perezia_recurvata","Asteraceae","si","12"
"Picris_hieracioides","Asteraceae","si","5"
"Picris_nuristanica","Asteraceae","si","5"
"Rhodanthemum_atlanticum","Asteraceae","si","9"
"Rhodanthemum_catananche","Asteraceae","si","9"
"Rhodanthemum_depressum","Asteraceae","si","9"
"Rhodanthemum_maresii","Asteraceae","si","9"
"Rhodanthemum_redieri","Asteraceae","si","9"
"Ruilopezia_floccosa","Asteraceae","si","19"
"Scorzonera_humilis","Asteraceae","si","7"
"Scorzoneroides_autumnalis","Asteraceae","si","6"
"Senecio_amygdalifolius","Asteraceae","si","19"
"Senecio_anethifolius","Asteraceae","si","30"
"Senecio_cunninghamii","Asteraceae","si","30"
"Senecio_inaequidens","Asteraceae","si","20"
"Senecio_leucanthemifolius","Asteraceae","si","10"
"Senecio_linearifolius","Asteraceae","si","30"
"Senecio_macranthus","Asteraceae","si","20"
"Senecio_madagascariensis","Asteraceae","si","20"
"Senecio_nevadensis","Asteraceae","si","20"
"Senecio_pectinatus","Asteraceae","si","40"
"Senecio_pterophorus","Asteraceae","si","10"
"Senecio_squalidus","Asteraceae","si","10"
"Senecio_tricuspidatus","Asteraceae","si","20"
"Simsia_calva","Asteraceae","si","17"
"Simsia_foetida","Asteraceae","si","17"
"Simsia_fruticulosa","Asteraceae","si","17"
"Simsia_holwayi","Asteraceae","si","17"
"Simsia_molinae","Asteraceae","si","17"
"Simsia_sanguinea","Asteraceae","si","17"
"Simsia_santarosensis","Asteraceae","si","17"
"Simsia_setosa","Asteraceae","si","17"
"Simsia_steyermarkii","Asteraceae","si","17"
"Simsia_tenuis","Asteraceae","si","17"
"Simsia_villasenorii","Asteraceae","si","17"
"Solidago_canadensis","Asteraceae","si","9"
"Solidago_gigantea","Asteraceae","si","18"
"Solidago_nemoralis","Asteraceae","si","9"
"Solidago_rugosa","Asteraceae","si","9"
"Solidago_sempervirens","Asteraceae","si","9"
"Solidago_shortii","Asteraceae","si","18"
"Solidago_simplex","Asteraceae","si","9"
"Sonchus_crassifolius","Asteraceae","si","9"
"Sonchus_pustulatus","Asteraceae","si","9"
"Sonchus_tenerrimus","Asteraceae","si","7"
"Stephanomeria_diegensis","Asteraceae","si","8"
"Stevia_rebaudiana","Asteraceae","si","11"
"Symphyotrichum_ericoides","Asteraceae","si","5"
"Symphyotrichum_laeve","Asteraceae","si","24"
"Symphyotrichum_novae-angliae","Asteraceae","si","5"
"Symphyotrichum_novi-belgii","Asteraceae","si","24"
"Symphyotrichum_patens","Asteraceae","si","10"
"Symphyotrichum_puniceum","Asteraceae","si","8"
"Symphyotrichum_shortii","Asteraceae","si","9"
"Tanacetum_cinerariifolium","Asteraceae","si","9"
"Taraxacum_ceratophorum","Asteraceae","si","12"
"Tephroseris_crispa","Asteraceae","si","24"
"Tetraneuris_acaulis","Asteraceae","si","15"
"Tilesia_baccata","Asteraceae","si","25"
"Tolpis_calderae","Asteraceae","si","9"
"Tolpis_crassiuscula","Asteraceae","si","9"
"Tolpis_lagopoda","Asteraceae","si","9"
"Tolpis_proustii","Asteraceae","si","9"
"Townsendia_condensata","Asteraceae","si","9"
"Townsendia_florifer","Asteraceae","si","9"
"Townsendia_parryi","Asteraceae","si","18"
"Wilkesia_gymnoxiphium","Asteraceae","si","14"
"Xanthisma_spinulosum","Asteraceae","si","4"
"Zinnia_acerosa","Asteraceae","si","10"
"Zinnia_juniperifolia","Asteraceae","si","10"
"Zinnia_oligantha","Asteraceae","si","10"
"Aethionema_arabicum","Brassicaceae","sc","18"
"Aethionema_carneum","Brassicaceae","sc","11"
"Alliaria_petiolata","Brassicaceae","sc","21"
"Alyssum_alyssoides","Brassicaceae","sc","16"
"Alyssum_damascenum","Brassicaceae","sc","16"
"Alyssum_desertorum","Brassicaceae","sc","16"
"Alyssum_simplex","Brassicaceae","sc","8"
"Arabidopsis_suecica","Brassicaceae","sc","13"
"Arabidopsis_thaliana","Brassicaceae","sc","5"
"Arabis_allionii","Brassicaceae","sc","8"
"Arabis_aucheri","Brassicaceae","sc","8"
"Arabis_blepharophylla","Brassicaceae","sc","8"
"Arabis_hirsuta","Brassicaceae","sc","16"
"Arabis_planisiliqua","Brassicaceae","sc","8"
"Arabis_sagittata","Brassicaceae","sc","8"
"Arabis_scabra","Brassicaceae","sc","8"
"Arabis_soyeri","Brassicaceae","sc","8"
"Arabis_verna","Brassicaceae","sc","16"
"Athysanus_pusillus","Brassicaceae","sc","13"
"Barbarea_verna","Brassicaceae","sc","8"
"Biscutella_auriculata","Brassicaceae","sc","8"
"Biscutella_didyma","Brassicaceae","sc","8"
"Biscutella_lyrata","Brassicaceae","sc","8"
"Boechera_crandallii","Brassicaceae","sc","7"
"Boechera_gunnisoniana","Brassicaceae","sc","7"
"Boechera_lyallii","Brassicaceae","sc","21"
"Boechera_parishii","Brassicaceae","sc","7"
"Boechera_platysperma","Brassicaceae","sc","7"
"Boechera_retrofracta","Brassicaceae","sc","7"
"Boechera_stricta","Brassicaceae","sc","7"
"Brassica_bourgeaui","Brassicaceae","sc","9"
"Brassica_carinata","Brassicaceae","sc","17"
"Brassica_juncea","Brassicaceae","sc","18"
"Brassica_napus","Brassicaceae","sc","19"
"Brassica_oxyrrhina","Brassicaceae","sc","9"
"Braya_fernaldii","Brassicaceae","sc","28"
"Braya_glabella","Brassicaceae","sc","28"
"Braya_longii","Brassicaceae","sc","28"
"Bunias_orientalis","Brassicaceae","sc","7"
"Cakile_edentula","Brassicaceae","sc","9"
"Cakile_geniculata","Brassicaceae","sc","9"
"Calepina_irregularis","Brassicaceae","sc","14"
"Camelina_microcarpa","Brassicaceae","sc","16"
"Camelina_sativa","Brassicaceae","sc","18"
"Capsella_bursa-pastoris","Brassicaceae","sc","16"
"Capsella_orientalis","Brassicaceae","sc","8"
"Capsella_rubella","Brassicaceae","sc","8"
"Cardamine_angustata","Brassicaceae","sc","64"
"Cardamine_bellidifolia","Brassicaceae","sc","8"
"Cardamine_concatenata","Brassicaceae","sc","120"
"Cardamine_corymbosa","Brassicaceae","sc","24"
"Cardamine_flexuosa","Brassicaceae","sc","16"
"Cardamine_glacialis","Brassicaceae","sc","36"
"Cardamine_hirsuta","Brassicaceae","sc","8"
"Cardamine_impatiens","Brassicaceae","sc","8"
"Cardamine_scutata","Brassicaceae","sc","16"
"Carrichtera_annua","Brassicaceae","sc","8"
"Clypeola_aspera","Brassicaceae","sc","7"
"Clypeola_jonthlaspi","Brassicaceae","sc","16"
"Cochlearia_bavarica","Brassicaceae","sc","18"
"Cochlearia_danica","Brassicaceae","sc","21"
"Cochlearia_pyrenaica","Brassicaceae","sc","6"
"Conringia_orientalis","Brassicaceae","sc","7"
"Crambe_arborea","Brassicaceae","sc","15"
"Crucihimalaya_himalaica","Brassicaceae","sc","8"
"Crucihimalaya_wallichii","Brassicaceae","sc","8"
"Descurainia_incisa","Brassicaceae","sc","7"
"Descurainia_pinnata","Brassicaceae","sc","14"
"Descurainia_sophia","Brassicaceae","sc","14"
"Diptychocarpus_strictus","Brassicaceae","sc","7"
"Draba_aizoides","Brassicaceae","sc","8"
"Draba_alpina","Brassicaceae","sc","37"
"Draba_arctica","Brassicaceae","sc","32"
"Draba_cacuminum","Brassicaceae","sc","32"
"Draba_cinerea","Brassicaceae","sc","24"
"Draba_corymbosa","Brassicaceae","sc","64"
"Draba_crassifolia","Brassicaceae","sc","20"
"Draba_fladnizensis","Brassicaceae","sc","8"
"Draba_glabella","Brassicaceae","sc","32"
"Draba_incana","Brassicaceae","sc","16"
"Draba_incerta","Brassicaceae","sc","56"
"Draba_lactea","Brassicaceae","sc","24"
"Draba_magellanica","Brassicaceae","sc","32"
"Draba_micropetala","Brassicaceae","sc","16"
"Draba_nemorosa","Brassicaceae","sc","8"
"Draba_nivalis","Brassicaceae","sc","8"
"Draba_norvegica","Brassicaceae","sc","24"
"Draba_oxycarpa","Brassicaceae","sc","32"
"Draba_pauciflora","Brassicaceae","sc","16"
"Draba_subcapitata","Brassicaceae","sc","8"
"Erucaria_pinnata","Brassicaceae","sc","8"
"Erucastrum_abyssinicum","Brassicaceae","sc","16"
"Erucastrum_gallicum","Brassicaceae","sc","15"
"Erysimum_baeticum","Brassicaceae","sc","28"
"Erysimum_cheiranthoides","Brassicaceae","sc","8"
"Erysimum_incanum","Brassicaceae","sc","12"
"Erysimum_inconspicuum","Brassicaceae","sc","27"
"Erysimum_popovii","Brassicaceae","sc","14"
"Erysimum_repandum","Brassicaceae","sc","8"
"Eutrema_halophilum","Brassicaceae","sc","7"
"Heliophila_coronopifolia","Brassicaceae","sc","10"
"Hesperis_matronalis","Brassicaceae","sc","12"
"Hornungia_alpina","Brassicaceae","sc","6"
"Hornungia_petraea","Brassicaceae","sc","6"
"Iberis_odorata","Brassicaceae","sc","7"
"Iberis_umbellata","Brassicaceae","sc","9"
"Isatis_tinctoria","Brassicaceae","sc","14"
"Leavenworthia_crassa","Brassicaceae","sc","11"
"Leavenworthia_exigua","Brassicaceae","sc","11"
"Leavenworthia_torulosa","Brassicaceae","sc","15"
"Leavenworthia_uniflora","Brassicaceae","sc","15"
"Lepidium_campestre","Brassicaceae","sc","8"
"Lepidium_coronopus","Brassicaceae","sc","16"
"Lepidium_densiflorum","Brassicaceae","sc","16"
"Lepidium_latifolium","Brassicaceae","sc","12"
"Lepidium_meyenii","Brassicaceae","sc","32"
"Lepidium_perfoliatum","Brassicaceae","sc","8"
"Lepidium_pseudohyssopifolium","Brassicaceae","sc","16"
"Lepidium_ruderale","Brassicaceae","sc","16"
"Lepidium_spinosum","Brassicaceae","sc","12"
"Lobularia_arabica","Brassicaceae","sc","23"
"Lobularia_libyca","Brassicaceae","sc","11"
"Malcolmia_africana","Brassicaceae","sc","14"
"Malcolmia_chia","Brassicaceae","sc","16"
"Maresia_nana","Brassicaceae","sc","14"
"Matthiola_incana","Brassicaceae","sc","7"
"Myagrum_perfoliatum","Brassicaceae","sc","7"
"Nasturtium_microphyllum","Brassicaceae","sc","32"
"Nasturtium_officinale","Brassicaceae","sc","16"
"Neslia_paniculata","Brassicaceae","sc","7"
"Noccaea_caerulescens","Brassicaceae","sc","7"
"Noccaea_magellanica","Brassicaceae","sc","7"
"Notoceras_bicorne","Brassicaceae","sc","11"
"Olimarabidopsis_cabulica","Brassicaceae","sc","24"
"Pachycladon_novae-zelandiae","Brassicaceae","sc","10"
"Parrya_nudicaulis","Brassicaceae","sc","14"
"Paysonia_auriculata","Brassicaceae","sc","8"
"Physaria_arctica","Brassicaceae","sc","30"
"Polypsecadium_magellanicum","Brassicaceae","sc","9"
"Pringlea_antiscorbutica","Brassicaceae","sc","12"
"Rorippa_palustris","Brassicaceae","sc","16"
"Sandbergia_perplexa","Brassicaceae","sc","7"
"Sinapidendron_frutescens","Brassicaceae","sc","10"
"Sinapidendron_sempervivifolium","Brassicaceae","sc","10"
"Sinapis_alba","Brassicaceae","sc","12"
"Sisymbrium_altissimum","Brassicaceae","sc","7"
"Sisymbrium_erysimoides","Brassicaceae","sc","7"
"Sisymbrium_irio","Brassicaceae","sc","7"
"Sisymbrium_loeselii","Brassicaceae","sc","7"
"Sisymbrium_officinale","Brassicaceae","sc","7"
"Sisymbrium_orientale","Brassicaceae","sc","7"
"Stanleya_pinnata","Brassicaceae","sc","14"
"Streptanthus_tortuosus","Brassicaceae","sc","14"
"Teesdalia_nudicaulis","Brassicaceae","sc","18"
"Thlaspi_arvense","Brassicaceae","sc","7"
"Turritis_glabra","Brassicaceae","sc","6"
"Warea_carteri","Brassicaceae","sc","12"
"Yinshania_henryi","Brassicaceae","sc","6"
"Aethionema_grandiflorum","Brassicaceae","si","14"
"Arabidopsis_arenosa","Brassicaceae","si","16"
"Arabidopsis_halleri","Brassicaceae","si","8"
"Arabis_caucasica","Brassicaceae","si","8"
"Armoracia_rusticana","Brassicaceae","si","16"
"Barbarea_vulgaris","Brassicaceae","si","8"
"Biscutella_frutescens","Brassicaceae","si","9"
"Biscutella_glacialis","Brassicaceae","si","9"
"Biscutella_intermedia","Brassicaceae","si","9"
"Biscutella_laevigata","Brassicaceae","si","18"
"Biscutella_neustriaca","Brassicaceae","si","9"
"Biscutella_scaposa","Brassicaceae","si","9"
"Biscutella_sempervirens","Brassicaceae","si","9"
"Biscutella_valentina","Brassicaceae","si","18"
"Biscutella_variegata","Brassicaceae","si","27"
"Boechera_constancei","Brassicaceae","si","7"
"Brassica_aucheri","Brassicaceae","si","7"
"Brassica_cretica","Brassicaceae","si","9"
"Brassica_deflexa","Brassicaceae","si","7"
"Brassica_desnottesii","Brassicaceae","si","10"
"Brassica_elongata","Brassicaceae","si","11"
"Brassica_fruticulosa","Brassicaceae","si","8"
"Brassica_gravinae","Brassicaceae","si","10"
"Brassica_incana","Brassicaceae","si","9"
"Brassica_insularis","Brassicaceae","si","9"
"Brassica_macrocarpa","Brassicaceae","si","9"
"Brassica_maurorum","Brassicaceae","si","8"
"Brassica_nigra","Brassicaceae","si","8"
"Brassica_oleracea","Brassicaceae","si","9"
"Brassica_rapa","Brassicaceae","si","10"
"Brassica_repanda","Brassicaceae","si","10"
"Brassica_rupestris","Brassicaceae","si","9"
"Brassica_spinescens","Brassicaceae","si","8"
"Cakile_arabica","Brassicaceae","si","9"
"Cakile_arctica","Brassicaceae","si","9"
"Cakile_maritima","Brassicaceae","si","9"
"Capsella_grandiflora","Brassicaceae","si","8"
"Cardamine_bulbifera","Brassicaceae","si","48"
"Cardamine_heptaphylla","Brassicaceae","si","24"
"Cardamine_macrophylla","Brassicaceae","si","32"
"Cardamine_pratensis","Brassicaceae","si","16"
"Cochlearia_officinalis","Brassicaceae","si","12"
"Coincya_wrightii","Brassicaceae","si","12"
"Crambe_tatarica","Brassicaceae","si","30"
"Diplotaxis_catholica","Brassicaceae","si","9"
"Diplotaxis_erucoides","Brassicaceae","si","7"
"Diplotaxis_harra","Brassicaceae","si","13"
"Diplotaxis_tenuifolia","Brassicaceae","si","11"
"Draba_palanderiana","Brassicaceae","si","16"
"Enarthrocarpus_arcuatus","Brassicaceae","si","10"
"Erucaria_hispanica","Brassicaceae","si","8"
"Erucastrum_cardaminoides","Brassicaceae","si","9"
"Erucastrum_leucanthum","Brassicaceae","si","8"
"Erucastrum_nasturtiifolium","Brassicaceae","si","8"
"Erucastrum_varium","Brassicaceae","si","7"
"Erucastrum_virgatum","Brassicaceae","si","7"
"Erysimum_asperum","Brassicaceae","si","18"
"Erysimum_capitatum","Brassicaceae","si","18"
"Erysimum_concinnum","Brassicaceae","si","18"
"Erysimum_insulare","Brassicaceae","si","18"
"Erysimum_linifolium","Brassicaceae","si","7"
"Erysimum_teretifolium","Brassicaceae","si","18"
"Hesperis_tristis","Brassicaceae","si","7"
"Hirschfeldia_incana","Brassicaceae","si","7"
"Hormathophylla_spinosa","Brassicaceae","si","16"
"Iberis_pinnata","Brassicaceae","si","7"
"Iberis_sempervirens","Brassicaceae","si","11"
"Leavenworthia_stylosa","Brassicaceae","si","15"
"Lepidium_appelianum","Brassicaceae","si","8"
"Lepidium_chalepense","Brassicaceae","si","40"
"Lepidium_draba","Brassicaceae","si","32"
"Lepidium_fremontii","Brassicaceae","si","32"
"Lepidium_montanum","Brassicaceae","si","16"
"Matthiola_longipetala","Brassicaceae","si","7"
"Matthiola_parviflora","Brassicaceae","si","7"
"Matthiola_tricuspidata","Brassicaceae","si","7"
"Moricandia_arvensis","Brassicaceae","si","14"
"Orychophragmus_violaceus","Brassicaceae","si","12"
"Paysonia_densipila","Brassicaceae","si","8"
"Paysonia_lescurii","Brassicaceae","si","8"
"Physaria_bellii","Brassicaceae","si","4"
"Physaria_fendleri","Brassicaceae","si","6"
"Physaria_filiformis","Brassicaceae","si","7"
"Physaria_gordonii","Brassicaceae","si","6"
"Physaria_ludoviciana","Brassicaceae","si","5"
"Physaria_rollinsii","Brassicaceae","si","4"
"Raphanus_raphanistrum","Brassicaceae","si","9"
"Rapistrum_rugosum","Brassicaceae","si","8"
"Rorippa_amphibia","Brassicaceae","si","16"
"Rorippa_aquatica","Brassicaceae","si","12"
"Rorippa_austriaca","Brassicaceae","si","8"
"Rorippa_sylvestris","Brassicaceae","si","16"
"Sinapis_arvensis","Brassicaceae","si","9"
"Streptanthus_carinatus","Brassicaceae","si","14"
"Streptanthus_cutleri","Brassicaceae","si","14"
"Abrus_precatorius","Fabaceae","sc","11"
"Acacia_decurrens","Fabaceae","sc","13"
"Acacia_koa","Fabaceae","sc","26"
"Acacia_longifolia","Fabaceae","sc","13"
"Acacia_paradoxa","Fabaceae","sc","13"
"Acacia_saligna","Fabaceae","sc","13"
"Acacia_suaveolens","Fabaceae","sc","13"
"Adenanthera_pavonina","Fabaceae","sc","13"
"Adesmia_bicolor","Fabaceae","sc","10"
"Adesmia_punctata","Fabaceae","sc","10"
"Adesmia_riograndensis","Fabaceae","sc","10"
"Adesmia_tristis","Fabaceae","sc","10"
"Aeschynomene_afraspera","Fabaceae","sc","40"
"Aeschynomene_americana","Fabaceae","sc","10"
"Aeschynomene_brasiliana","Fabaceae","sc","10"
"Aeschynomene_brevipes","Fabaceae","sc","10"
"Aeschynomene_ciliata","Fabaceae","sc","11"
"Aeschynomene_deamii","Fabaceae","sc","10"
"Aeschynomene_denticulata","Fabaceae","sc","10"
"Aeschynomene_elegans","Fabaceae","sc","10"
"Aeschynomene_evenia","Fabaceae","sc","10"
"Aeschynomene_falcata","Fabaceae","sc","10"
"Aeschynomene_fluitans","Fabaceae","sc","19"
"Aeschynomene_histrix","Fabaceae","sc","10"
"Aeschynomene_indica","Fabaceae","sc","20"
"Aeschynomene_mollicula","Fabaceae","sc","10"
"Aeschynomene_montevidensis","Fabaceae","sc","10"
"Aeschynomene_paniculata","Fabaceae","sc","10"
"Aeschynomene_pratensis","Fabaceae","sc","10"
"Aeschynomene_schimperi","Fabaceae","sc","10"
"Aeschynomene_sensitiva","Fabaceae","sc","10"
"Aeschynomene_viscidula","Fabaceae","sc","10"
"Alysicarpus_glumaceus","Fabaceae","sc","8"
"Alysicarpus_monilifer","Fabaceae","sc","8"
"Alysicarpus_ovalifolius","Fabaceae","sc","11"
"Alysicarpus_scariosus","Fabaceae","sc","8"
"Alysicarpus_vaginalis","Fabaceae","sc","8"
"Ammopiptanthus_mongolicus","Fabaceae","sc","9"
"Amorpha_canescens","Fabaceae","sc","10"
"Amphicarpaea_bracteata","Fabaceae","sc","11"
"Amphicarpaea_edgeworthii","Fabaceae","sc","11"
"Anadenanthera_colubrina","Fabaceae","sc","13"
"Anagyris_foetida","Fabaceae","sc","9"
"Arachis_appressipila","Fabaceae","sc","10"
"Arachis_archeri","Fabaceae","sc","10"
"Arachis_batizocoi","Fabaceae","sc","10"
"Arachis_burkartii","Fabaceae","sc","10"
"Arachis_cardenasii","Fabaceae","sc","10"
"Arachis_correntina","Fabaceae","sc","10"
"Arachis_dardani","Fabaceae","sc","10"
"Arachis_decora","Fabaceae","sc","10"
"Arachis_duranensis","Fabaceae","sc","10"
"Arachis_gracilis","Fabaceae","sc","10"
"Arachis_hermannii","Fabaceae","sc","10"
"Arachis_hoehnei","Fabaceae","sc","10"
"Arachis_kempff-mercadoi","Fabaceae","sc","10"
"Arachis_kretschmeri","Fabaceae","sc","10"
"Arachis_magna","Fabaceae","sc","10"
"Arachis_major","Fabaceae","sc","10"
"Arachis_palustris","Fabaceae","sc","9"
"Arachis_pintoi","Fabaceae","sc","10"
"Arachis_prostrata","Fabaceae","sc","20"
"Arachis_pusilla","Fabaceae","sc","10"
"Arachis_stenosperma","Fabaceae","sc","10"
"Arachis_triseminata","Fabaceae","sc","10"
"Arachis_valida","Fabaceae","sc","10"
"Arachis_villosa","Fabaceae","sc","10"
"Arachis_williamsii","Fabaceae","sc","10"
"Astragalus_annularis","Fabaceae","sc","8"
"Astragalus_asterias","Fabaceae","sc","8"
"Astragalus_boeticus","Fabaceae","sc","15"
"Astragalus_canadensis","Fabaceae","sc","8"
"Astragalus_cymbicarpos","Fabaceae","sc","14"
"Astragalus_edulis","Fabaceae","sc","14"
"Astragalus_exscapus","Fabaceae","sc","8"
"Astragalus_filipes","Fabaceae","sc","11"
"Astragalus_guttatus","Fabaceae","sc","8"
"Astragalus_hamosus","Fabaceae","sc","22"
"Astragalus_holmgreniorum","Fabaceae","sc","11"
"Astragalus_humillimus","Fabaceae","sc","11"
"Astragalus_lonchocarpus","Fabaceae","sc","11"
"Astragalus_nitidiflorus","Fabaceae","sc","8"
"Astragalus_oxyglottis","Fabaceae","sc","8"
"Astragalus_schimperi","Fabaceae","sc","8"
"Astragalus_schmalhausenii","Fabaceae","sc","8"
"Astragalus_sesameus","Fabaceae","sc","8"
"Astragalus_tragacantha","Fabaceae","sc","8"
"Astragalus_tribuloides","Fabaceae","sc","8"
"Biserrula_pelecinus","Fabaceae","sc","8"
"Bowdichia_virgilioides","Fabaceae","sc","9"
"Butea_monosperma","Fabaceae","sc","9"
"Caesalpinia_pulcherrima","Fabaceae","sc","12"
"Cajanus_cajan","Fabaceae","sc","11"
"Cajanus_scarabaeoides","Fabaceae","sc","11"
"Calopogonium_mucunoides","Fabaceae","sc","18"
"Canavalia_ensiformis","Fabaceae","sc","11"
"Canavalia_plagiosperma","Fabaceae","sc","11"
"Caragana_arborescens","Fabaceae","sc","8"
"Caragana_korshinskii","Fabaceae","sc","8"
"Caragana_microphylla","Fabaceae","sc","8"
"Carmichaelia_williamsii","Fabaceae","sc","16"
"Centrolobium_tomentosum","Fabaceae","sc","9"
"Centrosema_bracteosum","Fabaceae","sc","10"
"Centrosema_brasilianum","Fabaceae","sc","10"
"Centrosema_pascuorum","Fabaceae","sc","11"
"Centrosema_plumieri","Fabaceae","sc","11"
"Centrosema_sagittatum","Fabaceae","sc","9"
"Centrosema_schottii","Fabaceae","sc","11"
"Centrosema_vexillatum","Fabaceae","sc","8"
"Centrosema_virginianum","Fabaceae","sc","9"
"Chamaecrista_absus","Fabaceae","sc","14"
"Chamaecrista_calycioides","Fabaceae","sc","8"
"Chamaecrista_flexuosa","Fabaceae","sc","8"
"Chamaecrista_hispidula","Fabaceae","sc","7"
"Chamaecrista_mimosoides","Fabaceae","sc","8"
"Chamaecrista_serpens","Fabaceae","sc","8"
"Cicer_arietinum","Fabaceae","sc","8"
"Clitoria_ternatea","Fabaceae","sc","8"
"Cologania_broussonetii","Fabaceae","sc","22"
"Colutea_arborescens","Fabaceae","sc","8"
"Coronilla_scorpioides","Fabaceae","sc","6"
"Crotalaria_brevidens","Fabaceae","sc","8"
"Crotalaria_incana","Fabaceae","sc","7"
"Crotalaria_micans","Fabaceae","sc","8"
"Crotalaria_pallida","Fabaceae","sc","8"
"Crotalaria_purshii","Fabaceae","sc","16"
"Crotalaria_rotundifolia","Fabaceae","sc","16"
"Crotalaria_spectabilis","Fabaceae","sc","8"
"Crotalaria_stipularia","Fabaceae","sc","16"
"Crotalaria_vitellina","Fabaceae","sc","8"
"Dahlstedtia_pentaphylla","Fabaceae","sc","11"
"Dahlstedtia_pinnata","Fabaceae","sc","11"
"Dalea_carthagenensis","Fabaceae","sc","7"
"Dalea_purpurea","Fabaceae","sc","7"
"Derris_elliptica","Fabaceae","sc","12"
"Desmanthus_illinoensis","Fabaceae","sc","14"
"Desmanthus_virgatus","Fabaceae","sc","14"
"Desmodium_batocaulon","Fabaceae","sc","11"
"Desmodium_cajanifolium","Fabaceae","sc","11"
"Desmodium_canadense","Fabaceae","sc","11"
"Desmodium_cinereum","Fabaceae","sc","11"
"Desmodium_cuneatum","Fabaceae","sc","11"
"Desmodium_distortum","Fabaceae","sc","11"
"Desmodium_glabrum","Fabaceae","sc","11"
"Desmodium_grahamii","Fabaceae","sc","11"
"Desmodium_heterocarpon","Fabaceae","sc","11"
"Desmodium_incanum","Fabaceae","sc","11"
"Desmodium_intortum","Fabaceae","sc","11"
"Desmodium_psilophyllum","Fabaceae","sc","11"
"Desmodium_scorpiurus","Fabaceae","sc","11"
"Desmodium_strigillosum","Fabaceae","sc","11"
"Desmodium_tortuosum","Fabaceae","sc","11"
"Desmodium_uncinatum","Fabaceae","sc","11"
"Dillwynia_tenuifolia","Fabaceae","sc","7"
"Ebenus_cretica","Fabaceae","sc","7"
"Erythrina_caffra","Fabaceae","sc","21"
"Erythrina_chiapasana","Fabaceae","sc","21"
"Erythrina_crista-galli","Fabaceae","sc","21"
"Erythrina_goldmanii","Fabaceae","sc","21"
"Erythrina_guatemalensis","Fabaceae","sc","21"
"Erythrina_humeana","Fabaceae","sc","21"
"Erythrina_latissima","Fabaceae","sc","21"
"Erythrina_leptorhiza","Fabaceae","sc","21"
"Erythrina_pallida","Fabaceae","sc","21"
"Erythrina_suberosa","Fabaceae","sc","21"
"Erythrina_velutina","Fabaceae","sc","21"
"Erythrophleum_suaveolens","Fabaceae","sc","14"
"Flemingia_lineata","Fabaceae","sc","10"
"Galactia_canescens","Fabaceae","sc","10"
"Galactia_dubia","Fabaceae","sc","10"
"Galactia_jussiaeana","Fabaceae","sc","10"
"Galactia_latisiliqua","Fabaceae","sc","10"
"Galactia_longifolia","Fabaceae","sc","10"
"Galactia_striata","Fabaceae","sc","10"
"Galactia_tenuiflora","Fabaceae","sc","11"
"Galactia_texana","Fabaceae","sc","11"
"Genista_monspessulana","Fabaceae","sc","23"
"Glycine_albicans","Fabaceae","sc","20"
"Glycine_argyrea","Fabaceae","sc","20"
"Glycine_clandestina","Fabaceae","sc","20"
"Glycine_falcata","Fabaceae","sc","20"
"Glycine_max","Fabaceae","sc","20"
"Glycine_tabacina","Fabaceae","sc","40"
"Glycine_tomentella","Fabaceae","sc","39"
"Hippocrepis_areolata","Fabaceae","sc","7"
"Hippocrepis_biflora","Fabaceae","sc","7"
"Hippocrepis_ciliata","Fabaceae","sc","7"
"Hippocrepis_multisiliquosa","Fabaceae","sc","7"
"Hippocrepis_unisiliquosa","Fabaceae","sc","7"
"Indigofera_atriceps","Fabaceae","sc","16"
"Indigofera_hirsuta","Fabaceae","sc","8"
"Indigofera_lespedezioides","Fabaceae","sc","8"
"Indigofera_microcarpa","Fabaceae","sc","8"
"Indigofera_spicata","Fabaceae","sc","8"
"Kennedia_carinata","Fabaceae","sc","11"
"Kennedia_nigricans","Fabaceae","sc","11"
"Kennedia_prorepens","Fabaceae","sc","11"
"Kennedia_prostrata","Fabaceae","sc","11"
"Kennedia_rubicunda","Fabaceae","sc","11"
"Kummerowia_stipulacea","Fabaceae","sc","10"
"Kummerowia_striata","Fabaceae","sc","11"
"Lablab_purpureus","Fabaceae","sc","11"
"Lathyrus_amphicarpos","Fabaceae","sc","7"
"Lathyrus_annuus","Fabaceae","sc","7"
"Lathyrus_aphaca","Fabaceae","sc","7"
"Lathyrus_basalticus","Fabaceae","sc","7"
"Lathyrus_belinensis","Fabaceae","sc","7"
"Lathyrus_cassius","Fabaceae","sc","7"
"Lathyrus_chloranthus","Fabaceae","sc","7"
"Lathyrus_chrysanthus","Fabaceae","sc","7"
"Lathyrus_cicera","Fabaceae","sc","7"
"Lathyrus_ciliolatus","Fabaceae","sc","7"
"Lathyrus_gorgoni","Fabaceae","sc","7"
"Lathyrus_hierosolymitanus","Fabaceae","sc","7"
"Lathyrus_hirsutus","Fabaceae","sc","7"
"Lathyrus_inconspicuus","Fabaceae","sc","7"
"Lathyrus_latifolius","Fabaceae","sc","7"
"Lathyrus_nissolia","Fabaceae","sc","7"
"Lathyrus_ochrus","Fabaceae","sc","7"
"Lathyrus_odoratus","Fabaceae","sc","7"
"Lathyrus_sativus","Fabaceae","sc","7"
"Lathyrus_saxatilis","Fabaceae","sc","7"
"Lathyrus_setifolius","Fabaceae","sc","7"
"Lathyrus_sphaericus","Fabaceae","sc","7"
"Lathyrus_stenophyllus","Fabaceae","sc","7"
"Lathyrus_tingitanus","Fabaceae","sc","7"
"Lens_culinaris","Fabaceae","sc","7"
"Lespedeza_bicolor","Fabaceae","sc","11"
"Lespedeza_capitata","Fabaceae","sc","10"
"Lespedeza_cuneata","Fabaceae","sc","10"
"Lespedeza_davurica","Fabaceae","sc","21"
"Lespedeza_floribunda","Fabaceae","sc","11"
"Lespedeza_inschanica","Fabaceae","sc","10"
"Lespedeza_repens","Fabaceae","sc","10"
"Lespedeza_stuevei","Fabaceae","sc","10"
"Lespedeza_virgata","Fabaceae","sc","11"
"Lespedeza_virginica","Fabaceae","sc","10"
"Leucaena_diversifolia","Fabaceae","sc","28"
"Lonchocarpus_guatemalensis","Fabaceae","sc","11"
"Lonchocarpus_lanceolatus","Fabaceae","sc","11"
"Lotononis_laxa","Fabaceae","sc","9"
"Lotononis_leptoloba","Fabaceae","sc","9"
"Lotononis_macrosepala","Fabaceae","sc","9"
"Lotononis_maximiliani","Fabaceae","sc","9"
"Lotus_angustissimus","Fabaceae","sc","6"
"Lotus_conimbricensis","Fabaceae","sc","6"
"Lotus_edulis","Fabaceae","sc","7"
"Lotus_halophilus","Fabaceae","sc","7"
"Lotus_krylovii","Fabaceae","sc","6"
"Lotus_ornithopodioides","Fabaceae","sc","7"
"Lotus_palustris","Fabaceae","sc","6"
"Lotus_parviflorus","Fabaceae","sc","6"
"Lotus_peregrinus","Fabaceae","sc","14"
"Lotus_weilleri","Fabaceae","sc","7"
"Lupinus_angustifolius","Fabaceae","sc","20"
"Lupinus_arboreus","Fabaceae","sc","24"
"Lupinus_gibertianus","Fabaceae","sc","18"
"Lupinus_luteus","Fabaceae","sc","26"
"Lupinus_mutabilis","Fabaceae","sc","24"
"Lupinus_nanus","Fabaceae","sc","24"
"Lupinus_palaestinus","Fabaceae","sc","21"
"Lupinus_perennis","Fabaceae","sc","24"
"Lupinus_pilosus","Fabaceae","sc","21"
"Lupinus_succulentus","Fabaceae","sc","24"
"Lupinus_sulphureus","Fabaceae","sc","24"
"Lupinus_texensis","Fabaceae","sc","18"
"Lupinus_villosus","Fabaceae","sc","26"
"Macroptilium_atropurpureum","Fabaceae","sc","11"
"Macroptilium_bracteatum","Fabaceae","sc","11"
"Macroptilium_erythroloma","Fabaceae","sc","11"
"Macroptilium_gibbosifolium","Fabaceae","sc","11"
"Macroptilium_gracile","Fabaceae","sc","11"
"Macroptilium_lathyroides","Fabaceae","sc","11"
"Macroptilium_panduratum","Fabaceae","sc","11"
"Macrotyloma_africanum","Fabaceae","sc","10"
"Macrotyloma_axillare","Fabaceae","sc","10"
"Macrotyloma_uniflorum","Fabaceae","sc","10"
"Medicago_arabica","Fabaceae","sc","8"
"Medicago_arborea","Fabaceae","sc","16"
"Medicago_blancheana","Fabaceae","sc","8"
"Medicago_brachycarpa","Fabaceae","sc","8"
"Medicago_constricta","Fabaceae","sc","7"
"Medicago_coronata","Fabaceae","sc","8"
"Medicago_doliata","Fabaceae","sc","8"
"Medicago_granadensis","Fabaceae","sc","8"
"Medicago_heyniana","Fabaceae","sc","8"
"Medicago_hybrida","Fabaceae","sc","8"
"Medicago_intertexta","Fabaceae","sc","8"
"Medicago_laciniata","Fabaceae","sc","8"
"Medicago_lanigera","Fabaceae","sc","8"
"Medicago_littoralis","Fabaceae","sc","8"
"Medicago_lupulina","Fabaceae","sc","8"
"Medicago_medicaginoides","Fabaceae","sc","8"
"Medicago_minima","Fabaceae","sc","8"
"Medicago_monantha","Fabaceae","sc","16"
"Medicago_murex","Fabaceae","sc","7"
"Medicago_muricoleptis","Fabaceae","sc","8"
"Medicago_noeana","Fabaceae","sc","8"
"Medicago_orbicularis","Fabaceae","sc","8"
"Medicago_orthoceras","Fabaceae","sc","14"
"Medicago_polyceratia","Fabaceae","sc","14"
"Medicago_polymorpha","Fabaceae","sc","7"
"Medicago_praecox","Fabaceae","sc","8"
"Medicago_radiata","Fabaceae","sc","8"
"Medicago_rigidula","Fabaceae","sc","7"
"Medicago_rigiduloides","Fabaceae","sc","7"
"Medicago_rotata","Fabaceae","sc","8"
"Medicago_rugosa","Fabaceae","sc","16"
"Medicago_sativa","Fabaceae","sc","16"
"Medicago_sauvagei","Fabaceae","sc","8"
"Medicago_scutellata","Fabaceae","sc","16"
"Medicago_secundiflora","Fabaceae","sc","8"
"Medicago_soleirolii","Fabaceae","sc","8"
"Medicago_sphaerocarpos","Fabaceae","sc","8"
"Medicago_suffruticosa","Fabaceae","sc","8"
"Medicago_tenoreana","Fabaceae","sc","8"
"Medicago_tornata","Fabaceae","sc","8"
"Medicago_truncatula","Fabaceae","sc","8"
"Medicago_turbinata","Fabaceae","sc","8"
"Melilotus_altissimus","Fabaceae","sc","8"
"Melilotus_elegans","Fabaceae","sc","8"
"Melilotus_indicus","Fabaceae","sc","8"
"Melilotus_infestus","Fabaceae","sc","8"
"Melilotus_officinalis","Fabaceae","sc","8"
"Melilotus_polonicus","Fabaceae","sc","8"
"Melilotus_segetalis","Fabaceae","sc","8"
"Melilotus_sulcatus","Fabaceae","sc","8"
"Melilotus_wolgicus","Fabaceae","sc","8"
"Mimosa_pigra","Fabaceae","sc","13"
"Neonotonia_wightii","Fabaceae","sc","11"
"Neptunia_monosperma","Fabaceae","sc","14"
"Neptunia_plena","Fabaceae","sc","36"
"Neptunia_pubescens","Fabaceae","sc","14"
"Onobrychis_aequidentata","Fabaceae","sc","7"
"Onobrychis_caput-galli","Fabaceae","sc","7"
"Onobrychis_crista-galli","Fabaceae","sc","8"
"Onobrychis_micrantha","Fabaceae","sc","8"
"Onobrychis_squarrosa","Fabaceae","sc","16"
"Onobrychis_viciifolia","Fabaceae","sc","14"
"Ononis_minutissima","Fabaceae","sc","15"
"Ononis_mitissima","Fabaceae","sc","15"
"Ononis_ornithopodioides","Fabaceae","sc","16"
"Ononis_sicula","Fabaceae","sc","16"
"Ornithopus_compressus","Fabaceae","sc","7"
"Ornithopus_perpusillus","Fabaceae","sc","7"
"Ornithopus_sativus","Fabaceae","sc","7"
"Pachyrhizus_erosus","Fabaceae","sc","11"
"Pachyrhizus_tuberosus","Fabaceae","sc","11"
"Parkinsonia_aculeata","Fabaceae","sc","14"
"Phaseolus_acutifolius","Fabaceae","sc","11"
"Phaseolus_lunatus","Fabaceae","sc","11"
"Phaseolus_vulgaris","Fabaceae","sc","11"
"Pisum_fulvum","Fabaceae","sc","7"
"Pisum_sativum","Fabaceae","sc","7"
"Pithecellobium_dulce","Fabaceae","sc","13"
"Prosopis_affinis","Fabaceae","sc","14"
"Prosopis_juliflora","Fabaceae","sc","14"
"Prosopis_pallida","Fabaceae","sc","14"
"Pseudarthria_viscida","Fabaceae","sc","11"
"Psophocarpus_tetragonolobus","Fabaceae","sc","9"
"Pterodon_emarginatus","Fabaceae","sc","8"
"Rhynchosia_edulis","Fabaceae","sc","10"
"Rhynchosia_minima","Fabaceae","sc","11"
"Rhynchosia_reticulata","Fabaceae","sc","11"
"Rhynchosia_rufescens","Fabaceae","sc","11"
"Rhynchosia_sublobata","Fabaceae","sc","11"
"Scorpiurus_muricatus","Fabaceae","sc","14"
"Scorpiurus_vermiculatus","Fabaceae","sc","7"
"Senna_alata","Fabaceae","sc","14"
"Senna_cernua","Fabaceae","sc","14"
"Senna_corymbosa","Fabaceae","sc","14"
"Senna_didymobotrya","Fabaceae","sc","14"
"Senna_occidentalis","Fabaceae","sc","14"
"Senna_uniflora","Fabaceae","sc","12"
"Sesbania_cannabina","Fabaceae","sc","12"
"Sesbania_goetzei","Fabaceae","sc","6"
"Sesbania_keniensis","Fabaceae","sc","6"
"Sesbania_punicea","Fabaceae","sc","6"
"Sesbania_sesban","Fabaceae","sc","6"
"Sesbania_speciosa","Fabaceae","sc","6"
"Sophora_microphylla","Fabaceae","sc","9"
"Sophora_prostrata","Fabaceae","sc","9"
"Stylosanthes_angustifolia","Fabaceae","sc","10"
"Stylosanthes_calcicola","Fabaceae","sc","10"
"Stylosanthes_campestris","Fabaceae","sc","10"
"Stylosanthes_capitata","Fabaceae","sc","20"
"Stylosanthes_erecta","Fabaceae","sc","30"
"Stylosanthes_fruticosa","Fabaceae","sc","10"
"Stylosanthes_hamata","Fabaceae","sc","10"
"Stylosanthes_humilis","Fabaceae","sc","10"
"Stylosanthes_leiocarpa","Fabaceae","sc","10"
"Stylosanthes_macrocarpa","Fabaceae","sc","10"
"Stylosanthes_montevidensis","Fabaceae","sc","10"
"Stylosanthes_scabra","Fabaceae","sc","20"
"Stylosanthes_tuberculata","Fabaceae","sc","20"
"Stylosanthes_viscosa","Fabaceae","sc","10"
"Swainsona_formosa","Fabaceae","sc","8"
"Tamarindus_indica","Fabaceae","sc","12"
"Tephrosia_cinerea","Fabaceae","sc","11"
"Trifolium_affine","Fabaceae","sc","7"
"Trifolium_alpinum","Fabaceae","sc","8"
"Trifolium_angustifolium","Fabaceae","sc","8"
"Trifolium_argutum","Fabaceae","sc","8"
"Trifolium_arvense","Fabaceae","sc","7"
"Trifolium_aureum","Fabaceae","sc","7"
"Trifolium_baccarinii","Fabaceae","sc","8"
"Trifolium_bocconei","Fabaceae","sc","7"
"Trifolium_boissieri","Fabaceae","sc","8"
"Trifolium_campestre","Fabaceae","sc","7"
"Trifolium_cernuum","Fabaceae","sc","8"
"Trifolium_cherleri","Fabaceae","sc","5"
"Trifolium_chilense","Fabaceae","sc","8"
"Trifolium_constantinopolitanum","Fabaceae","sc","8"
"Trifolium_diffusum","Fabaceae","sc","8"
"Trifolium_dubium","Fabaceae","sc","14"
"Trifolium_echinatum","Fabaceae","sc","8"
"Trifolium_eriosphaerum","Fabaceae","sc","7"
"Trifolium_globosum","Fabaceae","sc","8"
"Trifolium_glomeratum","Fabaceae","sc","8"
"Trifolium_gracilentum","Fabaceae","sc","8"
"Trifolium_grandiflorum","Fabaceae","sc","8"
"Trifolium_incarnatum","Fabaceae","sc","7"
"Trifolium_isthmocarpum","Fabaceae","sc","8"
"Trifolium_lanceolatum","Fabaceae","sc","8"
"Trifolium_lappaceum","Fabaceae","sc","8"
"Trifolium_leucanthum","Fabaceae","sc","7"
"Trifolium_macraei","Fabaceae","sc","8"
"Trifolium_meironense","Fabaceae","sc","8"
"Trifolium_micranthum","Fabaceae","sc","8"
"Trifolium_microdon","Fabaceae","sc","8"
"Trifolium_occidentale","Fabaceae","sc","8"
"Trifolium_palaestinum","Fabaceae","sc","8"
"Trifolium_pauciflorum","Fabaceae","sc","8"
"Trifolium_pilulare","Fabaceae","sc","7"
"Trifolium_plebeium","Fabaceae","sc","8"
"Trifolium_polymorphum","Fabaceae","sc","8"
"Trifolium_pseudostriatum","Fabaceae","sc","8"
"Trifolium_resupinatum","Fabaceae","sc","8"
"Trifolium_retusum","Fabaceae","sc","8"
"Trifolium_rueppellianum","Fabaceae","sc","8"
"Trifolium_scabrum","Fabaceae","sc","5"
"Trifolium_spumosum","Fabaceae","sc","8"
"Trifolium_squamosum","Fabaceae","sc","8"
"Trifolium_stellatum","Fabaceae","sc","7"
"Trifolium_steudneri","Fabaceae","sc","8"
"Trifolium_striatum","Fabaceae","sc","7"
"Trifolium_strictum","Fabaceae","sc","8"
"Trifolium_subterraneum","Fabaceae","sc","8"
"Trifolium_suffocatum","Fabaceae","sc","8"
"Trifolium_tembense","Fabaceae","sc","8"
"Trifolium_tomentosum","Fabaceae","sc","8"
"Trifolium_usambarense","Fabaceae","sc","8"
"Trifolium_virginicum","Fabaceae","sc","8"
"Trigonella_arabica","Fabaceae","sc","8"
"Trigonella_balansae","Fabaceae","sc","8"
"Trigonella_coerulescens","Fabaceae","sc","8"
"Trigonella_foenum-graecum","Fabaceae","sc","8"
"Trigonella_gladiata","Fabaceae","sc","8"
"Trigonella_grandiflora","Fabaceae","sc","22"
"Trigonella_maritima","Fabaceae","sc","8"
"Trigonella_spinosa","Fabaceae","sc","8"
"Trigonella_spruneriana","Fabaceae","sc","8"
"Trigonella_stellata","Fabaceae","sc","8"
"Tripodion_tetraphyllum","Fabaceae","sc","8"
"Ulex_europaeus","Fabaceae","sc","48"
"Uraria_rufescens","Fabaceae","sc","11"
"Vicia_aintabensis","Fabaceae","sc","7"
"Vicia_anatolica","Fabaceae","sc","5"
"Vicia_articulata","Fabaceae","sc","7"
"Vicia_assyriaca","Fabaceae","sc","6"
"Vicia_benghalensis","Fabaceae","sc","7"
"Vicia_bijuga","Fabaceae","sc","7"
"Vicia_bithynica","Fabaceae","sc","7"
"Vicia_cassia","Fabaceae","sc","7"
"Vicia_ciliatula","Fabaceae","sc","5"
"Vicia_cuspidata","Fabaceae","sc","6"
"Vicia_dionysiensis","Fabaceae","sc","6"
"Vicia_disperma","Fabaceae","sc","7"
"Vicia_eristalioides","Fabaceae","sc","7"
"Vicia_ervilia","Fabaceae","sc","7"
"Vicia_faba","Fabaceae","sc","6"
"Vicia_galeata","Fabaceae","sc","6"
"Vicia_galilaea","Fabaceae","sc","7"
"Vicia_grandiflora","Fabaceae","sc","7"
"Vicia_hirsuta","Fabaceae","sc","7"
"Vicia_hyaeniscyamus","Fabaceae","sc","7"
"Vicia_hybrida","Fabaceae","sc","6"
"Vicia_kalakhensis","Fabaceae","sc","7"
"Vicia_lathyroides","Fabaceae","sc","6"
"Vicia_lutea","Fabaceae","sc","7"
"Vicia_magellanica","Fabaceae","sc","14"
"Vicia_melanops","Fabaceae","sc","5"
"Vicia_michauxii","Fabaceae","sc","7"
"Vicia_mollis","Fabaceae","sc","5"
"Vicia_monantha","Fabaceae","sc","7"
"Vicia_nigricans","Fabaceae","sc","7"
"Vicia_noeana","Fabaceae","sc","6"
"Vicia_palaestina","Fabaceae","sc","7"
"Vicia_pannonica","Fabaceae","sc","6"
"Vicia_parviflora","Fabaceae","sc","7"
"Vicia_peregrina","Fabaceae","sc","7"
"Vicia_qatmensis","Fabaceae","sc","7"
"Vicia_sativa","Fabaceae","sc","6"
"Vicia_sericocarpa","Fabaceae","sc","6"
"Vicia_serratifolia","Fabaceae","sc","7"
"Vicia_tetrasperma","Fabaceae","sc","7"
"Vicia_tigridis","Fabaceae","sc","6"
"Vicia_unijuga","Fabaceae","sc","6"
"Vicia_villosa","Fabaceae","sc","7"
"Vigna_aconitifolia","Fabaceae","sc","11"
"Vigna_angularis","Fabaceae","sc","11"
"Vigna_longifolia","Fabaceae","sc","11"
"Vigna_luteola","Fabaceae","sc","11"
"Vigna_minima","Fabaceae","sc","11"
"Vigna_mungo","Fabaceae","sc","11"
"Vigna_radiata","Fabaceae","sc","11"
"Vigna_trilobata","Fabaceae","sc","11"
"Vigna_unguiculata","Fabaceae","sc","11"
"Vigna_vexillata","Fabaceae","sc","11"
"Zornia_latifolia","Fabaceae","sc","10"
"Zornia_reticulata","Fabaceae","sc","10"
"Zornia_trachycarpa","Fabaceae","sc","10"
"Acacia_acuminata","Fabaceae","si","13"
"Acacia_aulacocarpa","Fabaceae","si","13"
"Acacia_baileyana","Fabaceae","si","13"
"Acacia_crassicarpa","Fabaceae","si","13"
"Acacia_harpophylla","Fabaceae","si","13"
"Acacia_ligulata","Fabaceae","si","13"
"Acacia_mearnsii","Fabaceae","si","13"
"Acacia_pycnantha","Fabaceae","si","13"
"Adesmia_muricata","Fabaceae","si","10"
"Afzelia_africana","Fabaceae","si","12"
"Albizia_julibrissin","Fabaceae","si","13"
"Andira_inermis","Fabaceae","si","10"
"Astragalus_alpinus","Fabaceae","si","8"
"Astragalus_americanus","Fabaceae","si","8"
"Astragalus_cibarius","Fabaceae","si","11"
"Astragalus_magdalenae","Fabaceae","si","11"
"Astragalus_monoensis","Fabaceae","si","11"
"Astragalus_pectinatus","Fabaceae","si","11"
"Bauhinia_corymbosa","Fabaceae","si","14"
"Bauhinia_forficata","Fabaceae","si","14"
"Bauhinia_macranthera","Fabaceae","si","14"
"Bauhinia_ungulata","Fabaceae","si","14"
"Caesalpinia_bahamensis","Fabaceae","si","12"
"Caesalpinia_crista","Fabaceae","si","12"
"Calliandra_eriophylla","Fabaceae","si","8"
"Canavalia_gladiata","Fabaceae","si","11"
"Canavalia_rosea","Fabaceae","si","11"
"Caragana_pygmaea","Fabaceae","si","8"
"Caragana_spinosa","Fabaceae","si","16"
"Cassia_moschata","Fabaceae","si","14"
"Ceratonia_siliqua","Fabaceae","si","12"
"Cercis_canadensis","Fabaceae","si","7"
"Chamaecrista_nictitans","Fabaceae","si","24"
"Copaifera_langsdorffii","Fabaceae","si","12"
"Cytisus_multiflorus","Fabaceae","si","24"
"Dalbergia_cochinchinensis","Fabaceae","si","10"
"Dalbergia_miscolobium","Fabaceae","si","10"
"Dalbergia_retusa","Fabaceae","si","10"
"Daviesia_mimosoides","Fabaceae","si","9"
"Daviesia_pectinata","Fabaceae","si","9"
"Dillwynia_hispida","Fabaceae","si","7"
"Dillwynia_uncinata","Fabaceae","si","7"
"Dimorphandra_mollis","Fabaceae","si","14"
"Distemonanthus_benthamianus","Fabaceae","si","12"
"Enterolobium_contortisiliquum","Fabaceae","si","13"
"Erythrina_falcata","Fabaceae","si","21"
"Erythrina_poeppigiana","Fabaceae","si","21"
"Erythrina_senegalensis","Fabaceae","si","21"
"Erythrina_speciosa","Fabaceae","si","21"
"Erythrina_stricta","Fabaceae","si","21"
"Faidherbia_albida","Fabaceae","si","13"
"Geoffroea_decorticans","Fabaceae","si","10"
"Gleditsia_triacanthos","Fabaceae","si","14"
"Gliricidia_sepium","Fabaceae","si","11"
"Hardenbergia_comptoniana","Fabaceae","si","11"
"Hedysarum_hedysaroides","Fabaceae","si","7"
"Hymenaea_courbaril","Fabaceae","si","12"
"Inga_densiflora","Fabaceae","si","13"
"Inga_edulis","Fabaceae","si","13"
"Inga_oerstediana","Fabaceae","si","13"
"Inga_punctata","Fabaceae","si","13"
"Inga_vera","Fabaceae","si","13"
"Lathyrus_grandiflorus","Fabaceae","si","7"
"Leucaena_esculenta","Fabaceae","si","28"
"Leucaena_greggii","Fabaceae","si","28"
"Leucaena_lanceolata","Fabaceae","si","26"
"Leucaena_multicapitula","Fabaceae","si","26"
"Leucaena_pallida","Fabaceae","si","52"
"Leucaena_pulverulenta","Fabaceae","si","28"
"Leucaena_retusa","Fabaceae","si","28"
"Leucaena_salvadorensis","Fabaceae","si","28"
"Leucaena_shannonii","Fabaceae","si","26"
"Leucaena_trichodes","Fabaceae","si","26"
"Lonchocarpus_costaricensis","Fabaceae","si","11"
"Lonchocarpus_eriocarinalis","Fabaceae","si","11"
"Lotus_berthelotii","Fabaceae","si","14"
"Lotus_jacobaeus","Fabaceae","si","7"
"Machaerium_opacum","Fabaceae","si","10"
"Olneya_tesota","Fabaceae","si","9"
"Onobrychis_transcaucasica","Fabaceae","si","14"
"Onobrychis_vassilczenkoi","Fabaceae","si","7"
"Oxytropis_sericea","Fabaceae","si","24"
"Oxytropis_splendens","Fabaceae","si","8"
"Parkia_biglobosa","Fabaceae","si","12"
"Parkia_pendula","Fabaceae","si","13"
"Parkia_timoriana","Fabaceae","si","12"
"Piscidia_carthagenensis","Fabaceae","si","10"
"Prosopis_alpataco","Fabaceae","si","14"
"Prosopis_torquata","Fabaceae","si","14"
"Pterocarpus_macrocarpus","Fabaceae","si","11"
"Pterocarpus_rohrii","Fabaceae","si","10"
"Pultenaea_densifolia","Fabaceae","si","8"
"Retama_monosperma","Fabaceae","si","24"
"Retama_sphaerocarpa","Fabaceae","si","24"
"Robinia_pseudoacacia","Fabaceae","si","11"
"Schizolobium_parahyba","Fabaceae","si","12"
"Schotia_brachypetala","Fabaceae","si","12"
"Senna_spectabilis","Fabaceae","si","13"
"Sophora_tetraptera","Fabaceae","si","9"
"Swartzia_oblata","Fabaceae","si","13"
"Swartzia_simplex","Fabaceae","si","13"
"Tephrosia_adunca","Fabaceae","si","11"
"Tephrosia_vogelii","Fabaceae","si","11"
"Trifolium_africanum","Fabaceae","si","16"
"Trifolium_alpestre","Fabaceae","si","8"
"Trifolium_ambiguum","Fabaceae","si","12"
"Trifolium_badium","Fabaceae","si","7"
"Trifolium_berytheum","Fabaceae","si","8"
"Trifolium_burchellianum","Fabaceae","si","24"
"Trifolium_dichotomum","Fabaceae","si","16"
"Trifolium_fucatum","Fabaceae","si","8"
"Trifolium_glanduliferum","Fabaceae","si","8"
"Trifolium_hirtum","Fabaceae","si","5"
"Trifolium_lupinaster","Fabaceae","si","16"
"Trifolium_masaiense","Fabaceae","si","8"
"Trifolium_mattirolianum","Fabaceae","si","8"
"Trifolium_medium","Fabaceae","si","36"
"Trifolium_michelianum","Fabaceae","si","8"
"Trifolium_nigrescens","Fabaceae","si","8"
"Trifolium_pallescens","Fabaceae","si","8"
"Trifolium_pallidum","Fabaceae","si","8"
"Trifolium_pratense","Fabaceae","si","7"
"Trifolium_reflexum","Fabaceae","si","8"
"Trifolium_rubens","Fabaceae","si","8"
"Trifolium_semipilosum","Fabaceae","si","8"
"Trifolium_thalii","Fabaceae","si","8"
"Trifolium_uniflorum","Fabaceae","si","16"
"Trifolium_vesiculosum","Fabaceae","si","8"
"Zuccagnia_punctata","Fabaceae","si","12"
"Anisodus_tanguticus","Solanaceae","sc","24"
"Browallia_americana","Solanaceae","sc","11"
"Calibrachoa_parviflora","Solanaceae","sc","9"
"Capsicum_annuum","Solanaceae","sc","12"
"Capsicum_baccatum","Solanaceae","sc","12"
"Capsicum_chacoense","Solanaceae","sc","12"
"Capsicum_chinense","Solanaceae","sc","12"
"Capsicum_flexuosum","Solanaceae","sc","12"
"Capsicum_frutescens","Solanaceae","sc","12"
"Capsicum_parvifolium","Solanaceae","sc","12"
"Capsicum_rhomboideum","Solanaceae","sc","13"
"Capsicum_villosum","Solanaceae","sc","13"
"Cestrum_bigibbosum","Solanaceae","sc","8"
"Cestrum_fasciculatum","Solanaceae","sc","8"
"Cestrum_nocturnum","Solanaceae","sc","8"
"Datura_ceratocaula","Solanaceae","sc","12"
"Datura_discolor","Solanaceae","sc","12"
"Datura_inoxia","Solanaceae","sc","12"
"Datura_leichhardtii","Solanaceae","sc","12"
"Datura_metel","Solanaceae","sc","12"
"Datura_quercifolia","Solanaceae","sc","12"
"Datura_stramonium","Solanaceae","sc","12"
"Datura_wrightii","Solanaceae","sc","12"
"Hyoscyamus_albus","Solanaceae","sc","34"
"Hyoscyamus_muticus","Solanaceae","sc","14"
"Hyoscyamus_niger","Solanaceae","sc","17"
"Jaltomata_chihuahuensis","Solanaceae","sc","12"
"Jaltomata_lojae","Solanaceae","sc","12"
"Jaltomata_procumbens","Solanaceae","sc","12"
"Jaltomata_repandidentata","Solanaceae","sc","12"
"Jaltomata_sinuosa","Solanaceae","sc","12"
"Jaltomata_umbellata","Solanaceae","sc","12"
"Jaltomata_viridiflora","Solanaceae","sc","12"
"Lycianthes_laevis","Solanaceae","sc","12"
"Mandragora_caulescens","Solanaceae","sc","24"
"Nicandra_physalodes","Solanaceae","sc","10"
"Nicotiana_acaulis","Solanaceae","sc","12"
"Nicotiana_africana","Solanaceae","sc","23"
"Nicotiana_attenuata","Solanaceae","sc","12"
"Nicotiana_benavidesii","Solanaceae","sc","12"
"Nicotiana_cordifolia","Solanaceae","sc","12"
"Nicotiana_glutinosa","Solanaceae","sc","12"
"Nicotiana_gossei","Solanaceae","sc","18"
"Nicotiana_knightiana","Solanaceae","sc","12"
"Nicotiana_linearis","Solanaceae","sc","12"
"Nicotiana_longiflora","Solanaceae","sc","10"
"Nicotiana_miersii","Solanaceae","sc","12"
"Nicotiana_obtusifolia","Solanaceae","sc","12"
"Nicotiana_otophora","Solanaceae","sc","12"
"Nicotiana_paniculata","Solanaceae","sc","12"
"Nicotiana_plumbaginifolia","Solanaceae","sc","10"
"Nicotiana_quadrivalvis","Solanaceae","sc","24"
"Nicotiana_repanda","Solanaceae","sc","24"
"Nicotiana_rosulata","Solanaceae","sc","20"
"Nicotiana_rotundifolia","Solanaceae","sc","22"
"Nicotiana_rustica","Solanaceae","sc","24"
"Nicotiana_setchellii","Solanaceae","sc","12"
"Nicotiana_solanifolia","Solanaceae","sc","12"
"Nicotiana_stocktonii","Solanaceae","sc","24"
"Nicotiana_sylvestris","Solanaceae","sc","12"
"Nicotiana_tomentosiformis","Solanaceae","sc","12"
"Nicotiana_undulata","Solanaceae","sc","12"
"Nicotiana_wigandioides","Solanaceae","sc","12"
"Petunia_axillaris","Solanaceae","sc","7"
"Physalis_acutifolia","Solanaceae","sc","12"
"Physalis_heterophylla","Solanaceae","sc","12"
"Physalis_ixocarpa","Solanaceae","sc","12"
"Physalis_lagascae","Solanaceae","sc","12"
"Physalis_minima","Solanaceae","sc","24"
"Physalis_peruviana","Solanaceae","sc","24"
"Physalis_pruinosa","Solanaceae","sc","12"
"Physalis_pubescens","Solanaceae","sc","12"
"Schizanthus_grahamii","Solanaceae","sc","10"
"Schizanthus_hookeri","Solanaceae","sc","10"
"Schizanthus_pinnatus","Solanaceae","sc","10"
"Schwenckia_americana","Solanaceae","sc","10"
"Scopolia_carniolica","Solanaceae","sc","24"
"Solanum_abutiloides","Solanaceae","sc","12"
"Solanum_aculeastrum","Solanaceae","sc","12"
"Solanum_aculeatissimum","Solanaceae","sc","12"
"Solanum_aethiopicum","Solanaceae","sc","12"
"Solanum_allophyllum","Solanaceae","sc","12"
"Solanum_aloysiifolium","Solanaceae","sc","12"
"Solanum_americanum","Solanaceae","sc","12"
"Solanum_amotapense","Solanaceae","sc","12"
"Solanum_anguivi","Solanaceae","sc","12"
"Solanum_angustifolium","Solanaceae","sc","12"
"Solanum_aphyodendron","Solanaceae","sc","12"
"Solanum_argentinum","Solanaceae","sc","12"
"Solanum_asperolanatum","Solanaceae","sc","12"
"Solanum_atropurpureum","Solanaceae","sc","12"
"Solanum_aviculare","Solanaceae","sc","23"
"Solanum_betaceum","Solanaceae","sc","12"
"Solanum_bombycinum","Solanaceae","sc","24"
"Solanum_cajanumense","Solanaceae","sc","12"
"Solanum_candidum","Solanaceae","sc","12"
"Solanum_canense","Solanaceae","sc","12"
"Solanum_capsiciforme","Solanaceae","sc","23"
"Solanum_capsicoides","Solanaceae","sc","12"
"Solanum_cheesmaniae","Solanaceae","sc","12"
"Solanum_chenopodinum","Solanaceae","sc","12"
"Solanum_chenopodioides","Solanaceae","sc","12"
"Solanum_cinereum","Solanaceae","sc","12"
"Solanum_cochabambense","Solanaceae","sc","12"
"Solanum_corymbosum","Solanaceae","sc","12"
"Solanum_crinitum","Solanaceae","sc","12"
"Solanum_dasyphyllum","Solanaceae","sc","12"
"Solanum_davisense","Solanaceae","sc","12"
"Solanum_diphyllum","Solanaceae","sc","12"
"Solanum_dulcamara","Solanaceae","sc","12"
"Solanum_echinatum","Solanaceae","sc","12"
"Solanum_erianthum","Solanaceae","sc","12"
"Solanum_etuberosum","Solanaceae","sc","12"
"Solanum_felinum","Solanaceae","sc","12"
"Solanum_fernandezianum","Solanaceae","sc","12"
"Solanum_fragile","Solanaceae","sc","24"
"Solanum_furcatum","Solanaceae","sc","36"
"Solanum_galapagense","Solanaceae","sc","12"
"Solanum_giganteum","Solanaceae","sc","12"
"Solanum_glandulosipilosum","Solanaceae","sc","12"
"Solanum_hirtum","Solanaceae","sc","12"
"Solanum_incanum","Solanaceae","sc","12"
"Solanum_interandinum","Solanaceae","sc","24"
"Solanum_interius","Solanaceae","sc","12"
"Solanum_itatiaiae","Solanaceae","sc","12"
"Solanum_jamaicense","Solanaceae","sc","12"
"Solanum_johnstonii","Solanaceae","sc","12"
"Solanum_laciniatum","Solanaceae","sc","46"
"Solanum_lasiocarpum","Solanaceae","sc","12"
"Solanum_leucandrum","Solanaceae","sc","12"
"Solanum_linnaeanum","Solanaceae","sc","12"
"Solanum_lumholtzianum","Solanaceae","sc","12"
"Solanum_luteoalbum","Solanaceae","sc","12"
"Solanum_lycopersicum","Solanaceae","sc","12"
"Solanum_macrocarpon","Solanaceae","sc","12"
"Solanum_mammosum","Solanaceae","sc","11"
"Solanum_marginatum","Solanaceae","sc","12"
"Solanum_mauritianum","Solanaceae","sc","12"
"Solanum_myriacanthum","Solanaceae","sc","12"
"Solanum_neorickii","Solanaceae","sc","12"
"Solanum_nigrescens","Solanaceae","sc","12"
"Solanum_palitans","Solanaceae","sc","12"
"Solanum_pectinatum","Solanaceae","sc","12"
"Solanum_physalifolium","Solanaceae","sc","12"
"Solanum_pimpinellifolium","Solanaceae","sc","12"
"Solanum_pseudocapsicum","Solanaceae","sc","12"
"Solanum_pseudogracile","Solanaceae","sc","12"
"Solanum_retroflexum","Solanaceae","sc","24"
"Solanum_robustum","Solanaceae","sc","12"
"Solanum_rostratum","Solanaceae","sc","12"
"Solanum_sarrachoides","Solanaceae","sc","12"
"Solanum_seaforthianum","Solanaceae","sc","12"
"Solanum_sessiliflorum","Solanaceae","sc","12"
"Solanum_spirale","Solanaceae","sc","24"
"Solanum_stagnale","Solanaceae","sc","12"
"Solanum_tenuispinum","Solanaceae","sc","12"
"Solanum_torvum","Solanaceae","sc","12"
"Solanum_trachycarpum","Solanaceae","sc","12"
"Solanum_triflorum","Solanaceae","sc","12"
"Solanum_tripartitum","Solanaceae","sc","12"
"Solanum_vestissimum","Solanaceae","sc","12"
"Solanum_viarum","Solanaceae","sc","12"
"Solanum_violaceum","Solanaceae","sc","12"
"Solanum_virginianum","Solanaceae","sc","12"
"Vassobia_breviflora","Solanaceae","sc","12"
"Withania_somnifera","Solanaceae","sc","24"
"Brugmansia_aurea","Solanaceae","si","12"
"Brugmansia_sanguinea","Solanaceae","si","12"
"Brugmansia_suaveolens","Solanaceae","si","12"
"Brugmansia_versicolor","Solanaceae","si","12"
"Brunfelsia_americana","Solanaceae","si","11"
"Brunfelsia_dwyeri","Solanaceae","si","11"
"Brunfelsia_latifolia","Solanaceae","si","11"
"Brunfelsia_nitida","Solanaceae","si","11"
"Brunfelsia_pauciflora","Solanaceae","si","11"
"Calibrachoa_eglandulata","Solanaceae","si","9"
"Calibrachoa_elegans","Solanaceae","si","9"
"Calibrachoa_heterophylla","Solanaceae","si","9"
"Calibrachoa_linoides","Solanaceae","si","9"
"Calibrachoa_micrantha","Solanaceae","si","9"
"Calibrachoa_pubescens","Solanaceae","si","9"
"Calibrachoa_sellowiana","Solanaceae","si","9"
"Calibrachoa_sendtneriana","Solanaceae","si","9"
"Cestrum_parqui","Solanaceae","si","8"
"Dunalia_brachyacantha","Solanaceae","si","12"
"Eriolarynx_lorentzii","Solanaceae","si","12"
"Iochroma_cyaneum","Solanaceae","si","12"
"Jaborosa_integrifolia","Solanaceae","si","12"
"Lycianthes_ciliolata","Solanaceae","si","12"
"Lycium_andersonii","Solanaceae","si","12"
"Lycium_berlandieri","Solanaceae","si","12"
"Lycium_brevipes","Solanaceae","si","12"
"Lycium_californicum","Solanaceae","si","18"
"Lycium_cestroides","Solanaceae","si","12"
"Lycium_chinense","Solanaceae","si","12"
"Lycium_cinereum","Solanaceae","si","24"
"Lycium_cooperi","Solanaceae","si","12"
"Lycium_ferocissimum","Solanaceae","si","12"
"Lycium_hirsutum","Solanaceae","si","12"
"Lycium_pallidum","Solanaceae","si","12"
"Lycium_parishii","Solanaceae","si","12"
"Lycium_pumilum","Solanaceae","si","12"
"Lycium_torreyi","Solanaceae","si","12"
"Nicotiana_alata","Solanaceae","si","9"
"Nicotiana_bonariensis","Solanaceae","si","9"
"Nicotiana_forgetiana","Solanaceae","si","9"
"Nicotiana_mutabilis","Solanaceae","si","9"
"Nicotiana_noctiflora","Solanaceae","si","12"
"Nicotiana_petunioides","Solanaceae","si","12"
"Nicotiana_tomentosa","Solanaceae","si","12"
"Nierembergia_scoparia","Solanaceae","si","9"
"Nierembergia_veitchii","Solanaceae","si","8"
"Nolana_rostrata","Solanaceae","si","12"
"Petunia_altiplana","Solanaceae","si","7"
"Petunia_bajeensis","Solanaceae","si","7"
"Petunia_bonjardinensis","Solanaceae","si","7"
"Petunia_interior","Solanaceae","si","7"
"Petunia_mantiqueirensis","Solanaceae","si","7"
"Physalis_cinerascens","Solanaceae","si","12"
"Physalis_crassifolia","Solanaceae","si","12"
"Physalis_philadelphica","Solanaceae","si","12"
"Physalis_pumila","Solanaceae","si","12"
"Physalis_virginiana","Solanaceae","si","12"
"Salpichroa_origanifolia","Solanaceae","si","12"
"Solandra_grandiflora","Solanaceae","si","12"
"Solanum_ayacuchense","Solanaceae","si","12"
"Solanum_basendopogon","Solanaceae","si","12"
"Solanum_brevifolium","Solanaceae","si","12"
"Solanum_cacosmum","Solanaceae","si","12"
"Solanum_cajamarquense","Solanaceae","si","12"
"Solanum_cardiophyllum","Solanaceae","si","12"
"Solanum_caripense","Solanaceae","si","12"
"Solanum_chilense","Solanaceae","si","12"
"Solanum_chimborazense","Solanaceae","si","12"
"Solanum_chiquidenum","Solanaceae","si","12"
"Solanum_confusum","Solanaceae","si","12"
"Solanum_corymbiflorum","Solanaceae","si","12"
"Solanum_crispum","Solanaceae","si","12"
"Solanum_dimidiatum","Solanaceae","si","18"
"Solanum_diploconos","Solanaceae","si","12"
"Solanum_ensifolium","Solanaceae","si","12"
"Solanum_exiguum","Solanaceae","si","12"
"Solanum_fallax","Solanaceae","si","12"
"Solanum_glaucophyllum","Solanaceae","si","12"
"Solanum_hibernum","Solanaceae","si","12"
"Solanum_hindsianum","Solanaceae","si","12"
"Solanum_huilense","Solanaceae","si","12"
"Solanum_jamesii","Solanaceae","si","12"
"Solanum_juglandifolium","Solanaceae","si","12"
"Solanum_latiflorum","Solanaceae","si","12"
"Solanum_laxum","Solanaceae","si","12"
"Solanum_lycocarpum","Solanaceae","si","12"
"Solanum_lycopersicoides","Solanaceae","si","12"
"Solanum_melissarum","Solanaceae","si","12"
"Solanum_obliquum","Solanaceae","si","12"
"Solanum_occultum","Solanaceae","si","12"
"Solanum_ochranthum","Solanaceae","si","12"
"Solanum_oxyphyllum","Solanaceae","si","12"
"Solanum_palinacanthum","Solanaceae","si","12"
"Solanum_paniculatum","Solanaceae","si","12"
"Solanum_paucissectum","Solanaceae","si","12"
"Solanum_pennellii","Solanaceae","si","12"
"Solanum_pinetorum","Solanaceae","si","12"
"Solanum_sciadostylis","Solanaceae","si","12"
"Solanum_sibundoyense","Solanaceae","si","12"
"Solanum_sitiens","Solanaceae","si","12"
"Solanum_stenophyllidium","Solanaceae","si","12"
"Solanum_stuckertii","Solanaceae","si","12"
"Solanum_tabanoense","Solanaceae","si","12"
"Solanum_taeniotrichum","Solanaceae","si","12"
"Solanum_tarnii","Solanaceae","si","12"
"Solanum_trifidum","Solanaceae","si","12"
"Solanum_umbellatum","Solanaceae","si","12"
"Solanum_unilobum","Solanaceae","si","12"
"Solanum_valdiviense","Solanaceae","si","12"
"Witheringia_coccoloboides","Solanaceae","si","12"
"Witheringia_correana","Solanaceae","si","12"
"Witheringia_mortonii","Solanaceae","si","12"
